0,"01,1,04:58,1.5,09:56,0.4,16:39,1.2,22:21,0.2"
1,"02,1,05:41,1.5,10:23,0.5,17:23,1.2,23:08,0.2"
2,"03,1,06:21,1.4,10:53,0.5,18:08,1.1"
3,"04,1,00:15,0.3,07:04,1.3,11:19,0.6,19:00,1.1"
4,"05,1,02:23,0.4,07:58,1.2,11:56,0.7,20:00,1.0"
5,"06,1,04:00,0.5,08:56,1.1,12:43,0.8,14:43,0.8,17:17,0.8,21:06,1.0"
6,"07,1,05:34,0.5,10:06,1.0,18:08,0.7,22:23,1.1"
7,"08,1,06:58,0.5,11:34,1.0,18:53,0.5,23:38,1.1"
8,"09,1,08:04,0.4,12:45,1.1,19:32,0.4"
9,"10,1,00:38,1.2,09:02,0.4,13:36,1.2,20:09,0.3"
10,"11,1,01:26,1.3,09:56,0.4,14:19,1.2,20:47,0.2"
11,"12,1,02:13,1.4,10:43,0.5,15:04,1.3,21:23,0.1"
12,"13,1,03:00,1.5,11:23,0.6,15:51,1.3,21:53,0.1"
13,"14,1,03:49,1.5,08:08,0.7,10:04,0.7,12:02,0.7,16:34,1.3,22:23,0.1"
14,"15,1,04:28,1.5,08:47,0.6,17:13,1.3,22:49,0.1"
15,"16,1,05:06,1.5,09:21,0.5,17:58,1.2,23:21,0.2"
16,"17,1,05:47,1.4,10:00,0.4,14:17,1.0,15:54,1.0,18:41,1.1,23:56,0.2"
17,"18,1,06:21,1.3,10:38,0.4,14:58,1.0,17:00,1.0,19:21,1.1"
18,"19,1,00:41,0.3,06:58,1.2,11:09,0.4,15:32,1.0,17:56,0.9,20:11,1.0"
19,"20,1,01:39,0.4,07:39,1.2,11:53,0.5,16:02,0.9,18:34,0.8,21:19,1.0"
20,"21,1,02:53,0.5,08:24,1.1,12:38,0.6,16:28,0.8,18:58,0.7,22:43,1.0"
21,"22,1,04:08,0.6,09:24,1.0,13:54,0.7,16:41,0.7,19:11,0.6,23:58,1.1"
22,"23,1,05:28,0.5,10:38,1.0,19:30,0.5"
23,"24,1,00:51,1.2,06:34,0.5,11:49,1.1,19:47,0.4"
24,"25,1,01:30,1.3,07:26,0.4,12:47,1.2,20:04,0.3"
25,"26,1,02:08,1.4,08:08,0.4,13:38,1.3,20:28,0.2"
26,"27,1,02:47,1.5,08:41,0.4,14:23,1.3,20:53,0.1"
27,"28,1,03:24,1.5,09:09,0.3,15:08,1.4,21:26,0.1"
28,"29,1,04:02,1.6,09:32,0.4,15:54,1.4,22:00,0.1"
29,"30,1,04:45,1.6,09:53,0.4,16:38,1.4,22:34,0.1"
30,"31,1,05:23,1.6,10:11,0.4,17:15,1.3,23:09,0.2"
31,"01,2,06:02,1.5,10:34,0.4,17:54,1.3,23:21,0.3"
32,"02,2,06:47,1.3,11:02,0.5,18:34,1.2,23:19,0.5"
33,"03,2,07:30,1.2,11:30,0.5,19:17,1.1,23:32,0.6"
34,"04,2,01:56,0.7,04:28,0.6,08:23,1.0,12:08,0.6,20:17,1.0,23:54,0.7"
35,"05,2,02:24,0.8,06:04,0.6,09:39,0.9,13:15,0.7,16:15,0.8,17:56,0.7,21:47,1.0"
36,"06,2,00:15,0.9,03:00,1.0,07:17,0.5,11:11,0.9,18:51,0.6,23:24,1.0"
37,"07,2,01:13,1.0,03:23,1.0,08:09,0.4,12:34,1.0,19:26,0.4"
38,"08,2,00:45,1.1,08:58,0.4,13:26,1.2,19:58,0.3"
39,"09,2,01:30,1.3,09:38,0.4,14:09,1.3,20:28,0.1"
40,"10,2,02:09,1.4,10:08,0.4,14:54,1.4,20:54,0.1"
41,"11,2,02:51,1.5,10:36,0.5,15:34,1.4,21:23,0.0"
42,"12,2,03:26,1.5,08:23,0.5,16:08,1.4,21:47,0.0"
43,"13,2,04:02,1.5,08:45,0.4,16:49,1.4,22:13,0.0"
44,"14,2,04:41,1.5,09:11,0.3,17:21,1.4,22:41,0.1"
45,"15,2,05:11,1.5,09:47,0.3,17:58,1.3,23:11,0.2"
46,"16,2,05:49,1.4,10:15,0.3,18:36,1.2,23:47,0.3"
47,"17,2,06:19,1.3,10:53,0.3,19:11,1.1"
48,"18,2,00:28,0.5,06:58,1.2,11:23,0.4,16:15,0.9,17:49,0.9,20:09,1.0"
49,"19,2,01:39,0.6,07:47,1.1,12:02,0.5,16:26,0.9,18:21,0.8,21:36,1.0"
50,"20,2,03:58,0.7,08:51,1.0,12:54,0.6,16:36,0.8,18:53,0.7,23:39,1.0"
51,"21,2,05:47,0.6,10:02,1.0,19:02,0.6"
52,"22,2,00:53,1.1,06:45,0.5,11:13,1.0,19:21,0.4"
53,"23,2,01:28,1.3,07:24,0.4,12:19,1.1,19:43,0.3"
54,"24,2,01:58,1.4,07:58,0.3,13:17,1.3,20:11,0.2"
55,"25,2,02:32,1.5,08:30,0.3,14:06,1.4,20:45,0.1"
56,"26,2,03:06,1.6,08:56,0.3,14:53,1.5,21:21,0.0"
57,"27,2,03:45,1.7,09:17,0.3,15:38,1.5,21:51,0.0"
58,"28,2,04:19,1.6,09:28,0.3,16:15,1.5,22:21,0.1"
59,"01,3,05:00,1.6,09:45,0.3,16:56,1.5,22:17,0.2"
60,"02,3,05:39,1.4,10:06,0.3,17:32,1.4,22:15,0.4"
61,"03,3,06:17,1.3,10:32,0.3,18:06,1.3,22:26,0.5"
62,"04,3,01:36,0.7,03:17,0.7,07:04,1.1,11:04,0.4,18:51,1.1,22:49,0.6"
63,"05,3,02:02,0.9,05:08,0.7,08:04,0.9,11:51,0.5,19:47,1.0,23:04,0.7"
64,"06,3,02:36,1.1,06:28,0.6,09:34,0.8,13:04,0.6,21:06,0.9,23:23,0.8"
65,"07,3,03:02,1.1,07:19,0.5,11:13,0.9,18:30,0.6"
66,"08,3,03:24,1.1,08:02,0.4,12:24,1.1,18:58,0.4"
67,"09,3,02:30,1.1,08:38,0.4,13:09,1.2,19:26,0.3"
68,"10,3,01:30,1.2,09:02,0.4,13:53,1.3,19:49,0.1"
69,"11,3,01:56,1.4,09:23,0.4,14:28,1.4,20:13,0.0"
70,"12,3,02:24,1.5,09:06,0.5,15:02,1.5,20:39,0.0"
71,"13,3,02:58,1.5,08:08,0.4,15:41,1.5,21:06,0.0"
72,"14,3,03:30,1.6,08:23,0.3,16:11,1.5,21:34,0.0"
73,"15,3,04:02,1.5,08:53,0.2,16:51,1.5,22:04,0.1"
74,"16,3,04:36,1.5,09:19,0.2,17:23,1.4,22:32,0.2"
75,"17,3,05:06,1.4,09:53,0.2,17:58,1.3,23:02,0.3"
76,"18,3,05:39,1.2,10:21,0.2,18:39,1.2,23:26,0.5"
77,"19,3,06:11,1.1,10:56,0.3,19:21,1.1,23:53,0.6"
78,"20,3,07:00,1.0,11:30,0.4,20:24,1.0"
79,"21,3,00:06,0.8,01:43,0.8,04:41,0.8,08:13,0.9,12:17,0.6,22:11,1.0,23:13,1.0"
80,"22,3,00:58,1.0,05:58,0.7,09:41,0.9,17:58,0.6"
81,"23,3,01:08,1.1,06:38,0.5,10:54,1.0,18:32,0.4"
82,"24,3,01:24,1.3,07:06,0.4,11:58,1.2,19:06,0.2"
83,"25,3,01:43,1.4,07:39,0.3,12:53,1.3,19:45,0.1"
84,"26,3,02:09,1.5,08:06,0.2,13:39,1.4,20:24,0.0"
85,"27,3,02:43,1.6,08:30,0.2,14:24,1.6,21:04,0.0"
86,"28,3,03:15,1.7,08:45,0.2,15:08,1.6,21:34,0.1"
87,"29,3,03:54,1.6,08:56,0.2,15:51,1.6,21:28,0.2"
88,"30,3,04:32,1.5,09:09,0.2,16:30,1.6,21:17,0.3"
89,"31,3,05:08,1.3,09:34,0.2,17:08,1.5,21:30,0.4"
90,"01,4,01:54,0.7,05:56,1.1,10:04,0.3,17:51,1.3,21:54,0.5"
91,"02,4,01:11,0.9,04:00,0.7,06:51,1.0,10:45,0.4,18:36,1.2,22:11,0.6"
92,"03,4,01:51,1.1,05:32,0.7,08:02,0.8,11:39,0.5,19:30,1.0,22:43,0.7"
93,"04,4,02:23,1.2,06:28,0.5,09:45,0.8,14:24,0.6,20:51,0.9,23:02,0.8"
94,"05,4,02:54,1.2,07:09,0.4,11:09,1.0,17:24,0.5"
95,"06,4,03:11,1.2,07:47,0.4,12:04,1.1,18:00,0.4"
96,"07,4,02:19,1.1,08:08,0.4,12:47,1.3,18:30,0.3"
97,"08,4,01:04,1.2,08:26,0.4,13:23,1.4,18:56,0.2"
98,"09,4,01:24,1.3,08:24,0.4,13:58,1.5,19:26,0.1"
99,"10,4,01:54,1.4,07:36,0.4,14:32,1.5,19:58,0.0"
100,"11,4,02:23,1.5,07:41,0.2,15:04,1.5,20:28,0.0"
101,"12,4,02:56,1.5,08:02,0.2,15:43,1.5,21:02,0.0"
102,"13,4,03:26,1.5,08:24,0.1,16:19,1.5,21:30,0.1"
103,"14,4,03:56,1.5,08:56,0.1,16:58,1.5,22:00,0.2"
104,"15,4,04:26,1.3,09:23,0.2,17:36,1.4,22:26,0.3"
105,"16,4,04:53,1.2,09:56,0.2,18:09,1.2,22:53,0.5"
106,"17,4,05:17,1.1,10:26,0.3,18:53,1.1,23:09,0.6"
107,"18,4,05:51,1.0,11:06,0.4,19:45,1.0,23:23,0.8"
108,"19,4,02:38,0.9,05:21,0.8,07:49,0.9,12:04,0.5,20:54,1.0,23:34,0.9"
109,"20,4,01:21,1.0,05:54,0.7,09:15,0.9,16:19,0.5"
110,"21,4,01:04,1.1,06:17,0.5,10:32,1.0,17:32,0.4"
111,"22,4,01:04,1.2,06:47,0.4,11:30,1.2,18:26,0.2"
112,"23,4,01:19,1.4,07:13,0.3,12:21,1.3,19:17,0.1"
113,"24,4,01:45,1.5,07:41,0.2,13:08,1.5,20:06,0.1"
114,"25,4,02:13,1.6,08:04,0.2,13:54,1.6,20:53,0.1"
115,"26,4,02:51,1.6,08:17,0.2,14:39,1.6,21:47,0.2"
116,"27,4,03:24,1.5,08:21,0.2,15:21,1.6,20:24,0.4,22:53,0.4"
117,"28,4,04:02,1.4,08:41,0.2,16:06,1.6,20:36,0.5,23:09,0.6"
118,"29,4,00:32,0.6,04:47,1.2,09:08,0.2,16:54,1.5,21:00,0.5"
119,"30,4,00:04,0.9,02:17,0.8,05:34,1.1,09:49,0.3,17:41,1.3,21:24,0.6"
120,"01,5,00:56,1.1,04:08,0.8,06:38,0.9,10:38,0.4,18:26,1.2,22:00,0.6"
121,"02,5,01:38,1.2,05:26,0.6,08:02,0.8,12:36,0.5,19:17,1.1,22:32,0.7"
122,"03,5,02:13,1.3,06:13,0.5,09:39,0.9,14:53,0.5,20:15,1.0,23:04,0.8"
123,"04,5,02:51,1.2,06:56,0.5,10:49,1.0,15:58,0.5,21:24,0.9,23:49,0.9"
124,"05,5,03:13,1.1,07:24,0.4,11:38,1.1,16:45,0.4,22:54,1.0"
125,"06,5,01:13,1.0,07:49,0.4,12:15,1.3,17:24,0.3"
126,"07,5,00:04,1.1,07:56,0.5,12:53,1.3,18:06,0.2"
127,"08,5,00:45,1.3,07:32,0.4,13:24,1.4,18:43,0.2"
128,"09,5,01:19,1.4,07:06,0.3,13:58,1.5,19:21,0.1"
129,"10,5,01:53,1.5,07:17,0.2,14:38,1.5,20:00,0.1"
130,"11,5,02:24,1.5,07:41,0.2,15:13,1.5,20:36,0.2"
131,"12,5,02:56,1.5,08:06,0.1,15:56,1.5,21:09,0.2"
132,"13,5,03:26,1.4,08:34,0.1,16:38,1.5,21:39,0.3"
133,"14,5,03:54,1.3,09:02,0.2,17:15,1.4,22:06,0.4"
134,"15,5,04:15,1.2,09:38,0.2,17:56,1.3,22:32,0.5"
135,"16,5,04:32,1.1,10:11,0.3,18:36,1.2,22:58,0.6"
136,"17,5,04:34,1.0,11:02,0.4,19:17,1.2,23:19,0.7"
137,"18,5,03:23,0.9,05:19,0.9,07:13,0.9,13:38,0.5,20:09,1.1,23:49,0.9"
138,"19,5,01:41,0.9,05:36,0.7,08:56,0.9,15:43,0.4,21:19,1.1"
139,"20,5,05:56,0.6,10:04,1.0,16:51,0.3,23:17,1.2"
140,"21,5,06:21,0.4,11:02,1.2,17:53,0.3"
141,"22,5,00:38,1.3,06:51,0.3,11:51,1.3,18:54,0.2"
142,"23,5,01:15,1.4,07:17,0.2,12:38,1.5,20:08,0.2"
143,"24,5,01:51,1.4,07:41,0.2,13:23,1.6,21:19,0.3"
144,"25,5,02:24,1.4,07:54,0.2,14:09,1.6,22:26,0.4"
145,"26,5,03:02,1.4,08:09,0.2,15:00,1.6,19:39,0.6,21:04,0.6,23:32,0.5"
146,"27,5,03:47,1.3,08:28,0.2,15:53,1.5,20:02,0.6,22:19,0.8"
147,"28,5,00:43,0.7,04:28,1.2,09:06,0.2,16:43,1.5,20:38,0.6,23:36,0.9"
148,"29,5,02:09,0.8,05:17,1.0,10:00,0.3,17:32,1.4,21:11,0.6"
149,"30,5,00:38,1.1,03:56,0.8,06:23,0.9,11:43,0.4,18:15,1.3,21:54,0.6"
150,"31,5,01:28,1.2,05:04,0.7,07:49,0.9,13:26,0.4,19:02,1.2,22:32,0.6"
151,"01,6,02:11,1.2,05:58,0.6,09:04,0.9,14:19,0.4,19:51,1.1,23:09,0.6"
152,"02,6,02:54,1.2,06:39,0.6,10:09,1.0,15:06,0.4,20:36,1.0,23:58,0.7"
153,"03,6,03:26,1.0,07:06,0.5,11:00,1.1,15:53,0.4,21:26,1.0"
154,"04,6,01:04,0.8,03:49,0.9,07:26,0.5,11:43,1.2,16:36,0.4,22:36,1.1"
155,"05,6,07:36,0.5,12:19,1.3,17:21,0.3,23:49,1.2"
156,"06,6,07:15,0.4,12:56,1.3,18:08,0.3"
157,"07,6,00:43,1.3,06:51,0.3,13:32,1.4,18:56,0.3"
158,"08,6,01:24,1.3,07:08,0.2,14:11,1.4,19:43,0.3"
159,"09,6,02:00,1.4,07:28,0.2,14:56,1.5,20:24,0.3"
160,"10,6,02:36,1.4,07:56,0.2,15:39,1.5,21:00,0.3"
161,"11,6,03:06,1.4,08:23,0.2,16:21,1.4,21:28,0.4"
162,"12,6,03:38,1.3,09:00,0.2,17:02,1.4,21:58,0.4"
163,"13,6,04:04,1.2,09:36,0.2,17:45,1.4,22:24,0.5"
164,"14,6,04:30,1.1,10:21,0.3,18:21,1.4,22:54,0.5"
165,"15,6,05:09,1.0,11:24,0.4,19:02,1.3,23:19,0.6"
166,"16,6,06:49,1.0,13:56,0.4,19:51,1.2,23:54,0.7"
167,"17,6,02:56,0.8,04:54,0.8,08:13,1.0,15:15,0.4,20:43,1.2"
168,"18,6,05:28,0.7,09:26,1.0,16:21,0.4,21:51,1.1"
169,"19,6,06:00,0.6,10:26,1.1,17:34,0.4,23:26,1.1"
170,"20,6,06:32,0.4,11:19,1.3,19:08,0.4"
171,"21,6,00:43,1.2,07:02,0.3,12:09,1.4,20:36,0.4"
172,"22,6,01:28,1.2,07:34,0.3,13:00,1.4,21:41,0.4"
173,"23,6,02:08,1.3,08:08,0.2,13:54,1.5,22:38,0.4"
174,"24,6,02:53,1.3,08:36,0.2,14:49,1.5,19:08,0.8,20:09,0.8,23:26,0.5"
175,"25,6,03:36,1.3,09:24,0.2,15:43,1.5,19:53,0.8,21:39,0.8"
176,"26,6,00:21,0.6,04:19,1.2,10:21,0.2,16:34,1.5,20:28,0.7,23:04,0.9"
177,"27,6,01:36,0.8,05:08,1.1,11:15,0.2,17:17,1.4,21:09,0.6"
178,"28,6,00:34,1.0,03:06,0.8,06:02,1.1,11:58,0.3,18:00,1.4,21:54,0.5"
179,"29,6,01:34,1.1,04:34,0.8,07:04,1.0,12:45,0.3,18:43,1.3,22:30,0.5"
180,"30,6,02:19,1.1,05:34,0.8,08:08,1.0,13:30,0.4,19:13,1.2,23:08,0.5"
181,"01,7,03:02,1.1,06:13,0.7,09:13,1.0,14:15,0.4,19:54,1.1,23:53,0.5"
182,"02,7,03:41,1.0,06:53,0.7,10:13,1.0,15:04,0.5,20:36,1.1"
183,"03,7,00:39,0.6,04:06,0.9,07:08,0.6,11:06,1.1,15:58,0.5,21:30,1.0"
184,"04,7,02:24,0.7,04:08,0.7,07:19,0.6,11:53,1.2,16:51,0.5,22:49,1.1"
185,"05,7,07:19,0.5,12:34,1.2,17:49,0.5"
186,"06,7,00:06,1.1,07:21,0.4,13:13,1.3,18:53,0.5"
187,"07,7,01:00,1.2,07:28,0.3,13:56,1.4,19:51,0.4"
188,"08,7,01:45,1.3,07:41,0.2,14:41,1.4,20:36,0.4"
189,"09,7,02:21,1.3,08:08,0.2,15:24,1.4,21:08,0.4"
190,"10,7,02:58,1.3,08:34,0.2,16:08,1.5,21:30,0.4"
191,"11,7,03:34,1.3,09:09,0.2,16:51,1.5,21:54,0.4"
192,"12,7,04:08,1.3,09:47,0.2,17:30,1.5,22:19,0.4"
193,"13,7,04:47,1.2,10:32,0.2,18:06,1.5,22:45,0.4"
194,"14,7,05:28,1.1,11:32,0.3,18:47,1.4,23:09,0.5"
195,"15,7,06:21,1.1,13:41,0.4,19:24,1.3,23:38,0.6"
196,"16,7,07:28,1.0,15:02,0.4,20:08,1.2"
197,"17,7,00:08,0.7,08:41,1.0,16:21,0.5,21:06,1.0"
198,"18,7,01:00,0.8,02:17,0.8,05:41,0.7,09:53,1.1,18:04,0.5,22:36,1.0"
199,"19,7,06:21,0.5,10:58,1.1,19:43,0.5"
200,"20,7,00:23,1.0,06:58,0.4,11:56,1.2,20:49,0.4"
201,"21,7,01:19,1.1,07:39,0.3,12:53,1.3,21:41,0.4"
202,"22,7,02:02,1.2,08:17,0.2,13:47,1.4,22:23,0.4"
203,"23,7,02:47,1.3,08:53,0.1,14:41,1.4,23:04,0.5"
204,"24,7,03:24,1.3,09:30,0.1,15:30,1.5,23:49,0.6"
205,"25,7,04:06,1.3,10:02,0.1,16:15,1.5,20:36,0.6,23:06,0.7"
206,"26,7,00:13,0.7,04:53,1.3,10:30,0.1,16:58,1.5,21:08,0.5"
207,"27,7,05:34,1.2,11:02,0.2,17:38,1.4,21:47,0.4"
208,"28,7,02:06,1.0,03:19,1.0,06:13,1.1,11:38,0.3,18:08,1.4,22:17,0.3"
209,"29,7,02:39,1.1,04:56,1.0,07:02,1.1,12:24,0.4,18:45,1.3,22:56,0.3"
210,"30,7,03:09,1.1,05:54,0.9,08:02,1.0,13:19,0.5,19:15,1.2,23:30,0.4"
211,"31,7,03:45,1.0,06:26,0.8,09:11,1.0,14:21,0.5,19:56,1.1"
212,"01,8,00:06,0.5,04:04,0.9,06:54,0.7,10:28,1.0,15:26,0.6,20:49,1.0"
213,"02,8,00:58,0.6,04:09,0.8,07:04,0.6,11:32,1.1,16:43,0.6,22:00,1.0"
214,"03,8,07:15,0.5,12:23,1.2,18:09,0.6,23:28,1.0"
215,"04,8,07:28,0.4,13:04,1.3,19:19,0.5"
216,"05,8,00:39,1.1,07:39,0.3,13:47,1.3,20:02,0.4"
217,"06,8,01:28,1.2,07:54,0.2,14:26,1.4,20:38,0.4"
218,"07,8,02:09,1.3,08:17,0.1,15:08,1.5,21:02,0.3"
219,"08,8,02:51,1.4,08:41,0.1,15:51,1.5,21:24,0.3"
220,"09,8,03:28,1.4,09:13,0.1,16:30,1.6,21:43,0.3"
221,"10,8,04:04,1.4,09:45,0.1,17:06,1.6,22:04,0.3"
222,"11,8,04:43,1.4,10:17,0.2,17:47,1.5,22:24,0.3"
223,"12,8,05:15,1.3,10:41,0.3,18:21,1.4,22:51,0.4"
224,"13,8,05:54,1.2,11:00,0.4,19:02,1.3,23:11,0.4"
225,"14,8,06:43,1.1,11:09,0.6,13:17,0.6,15:28,0.6,19:51,1.1,23:45,0.5"
226,"15,8,07:51,1.0,11:32,0.7,13:56,0.8,17:13,0.6,20:51,0.9"
227,"16,8,00:15,0.6,03:53,0.8,05:30,0.7,09:11,1.0,12:02,0.8,14:34,0.9,18:51,0.6,22:19,0.9"
228,"17,8,06:19,0.6,10:47,1.0,12:58,1.0,15:06,1.0,19:54,0.5"
229,"18,8,00:23,1.0,06:58,0.4,12:02,1.1,20:43,0.4"
230,"19,8,01:15,1.1,07:32,0.2,12:56,1.3,21:19,0.4"
231,"20,8,01:56,1.3,08:02,0.1,13:43,1.4,21:58,0.4"
232,"21,8,02:34,1.4,08:32,0.0,14:26,1.4,22:28,0.5"
233,"22,8,03:08,1.4,08:54,0.0,15:08,1.5,22:43,0.5"
234,"23,8,03:47,1.5,09:19,0.0,15:51,1.5,20:30,0.5"
235,"24,8,04:19,1.4,09:41,0.1,16:26,1.5,20:58,0.4"
236,"25,8,04:56,1.4,10:08,0.1,17:00,1.4,21:28,0.3"
237,"26,8,05:30,1.3,10:38,0.2,17:36,1.4,22:00,0.2"
238,"27,8,06:04,1.2,11:13,0.4,18:04,1.3,22:34,0.2"
239,"28,8,04:56,1.0,06:54,1.1,12:00,0.5,18:41,1.2,23:04,0.3"
240,"29,8,03:45,1.0,05:56,0.9,08:04,1.0,13:13,0.6,19:17,1.1,23:38,0.4"
241,"30,8,03:56,0.9,06:23,0.8,09:41,0.9,15:13,0.7,20:09,1.0"
242,"31,8,00:11,0.6,03:56,0.8,06:49,0.6,11:23,1.0,17:24,0.7,21:28,0.9"
243,"01,9,01:23,0.7,02:43,0.7,06:58,0.5,12:26,1.1,18:36,0.6,23:00,1.0"
244,"02,9,07:08,0.4,13:04,1.2,19:13,0.5"
245,"03,9,00:17,1.1,07:23,0.3,13:36,1.4,19:49,0.4"
246,"04,9,01:09,1.2,07:41,0.1,14:09,1.5,20:17,0.3"
247,"05,9,01:53,1.4,08:06,0.0,14:47,1.5,20:41,0.3"
248,"06,9,02:32,1.5,08:32,0.0,15:23,1.6,21:04,0.2"
249,"07,9,03:09,1.5,09:00,0.0,16:02,1.6,21:21,0.2"
250,"08,9,03:49,1.6,09:21,0.1,16:41,1.6,21:36,0.2"
251,"09,9,04:21,1.5,09:36,0.2,17:17,1.5,21:58,0.2"
252,"10,9,04:56,1.4,09:51,0.3,17:58,1.3,22:19,0.3"
253,"11,9,05:34,1.3,10:02,0.5,13:08,0.7,14:36,0.7,18:43,1.1,22:51,0.3"
254,"12,9,06:11,1.2,10:17,0.6,13:34,0.9,16:24,0.7,19:32,1.0,23:17,0.5"
255,"13,9,07:11,1.0,10:45,0.7,14:04,1.0,17:58,0.6,20:49,0.8"
256,"14,9,00:00,0.6,03:47,0.7,05:06,0.7,08:53,0.9,11:02,0.8,14:39,1.1,19:00,0.5,22:41,0.8"
257,"15,9,06:06,0.5,15:04,1.2,19:47,0.4"
258,"16,9,00:21,1.0,06:43,0.4,15:08,1.2,20:21,0.3"
259,"17,9,01:02,1.2,07:08,0.2,13:04,1.2,20:56,0.3"
260,"18,9,01:39,1.3,07:34,0.1,13:30,1.4,21:19,0.4"
261,"19,9,02:11,1.5,07:53,0.0,14:02,1.4,21:38,0.4"
262,"20,9,02:47,1.5,08:13,0.0,14:39,1.5,20:15,0.4"
263,"21,9,03:15,1.5,08:36,0.0,15:11,1.5,20:11,0.3"
264,"22,9,03:51,1.5,09:02,0.0,15:49,1.5,20:39,0.2"
265,"23,9,04:21,1.5,09:28,0.1,16:21,1.4,21:06,0.2"
266,"24,9,04:56,1.4,09:58,0.2,16:54,1.4,21:39,0.2"
267,"25,9,05:32,1.3,10:26,0.3,17:24,1.2,22:06,0.2"
268,"26,9,06:09,1.2,11:00,0.5,17:56,1.1,22:39,0.3"
269,"27,9,07:06,1.0,11:24,0.7,18:36,1.0,23:06,0.4"
270,"28,9,03:56,0.9,05:41,0.8,08:34,0.9,11:53,0.8,13:58,0.8,19:39,0.9,23:47,0.5"
271,"29,9,03:45,0.8,06:02,0.7,12:28,1.0,17:51,0.7,21:02,0.9"
272,"30,9,00:45,0.7,02:21,0.7,06:17,0.6,12:38,1.1,18:24,0.6,22:32,0.9"
273,"01,10,06:30,0.4,12:54,1.2,18:54,0.5,23:51,1.1"
274,"02,10,06:51,0.2,13:19,1.4,19:23,0.3"
275,"03,10,00:43,1.3,07:17,0.1,13:47,1.5,19:51,0.2"
276,"04,10,01:26,1.4,07:45,0.0,14:19,1.6,20:15,0.2"
277,"05,10,02:06,1.6,08:15,0.0,14:56,1.6,20:38,0.2"
278,"06,10,02:45,1.6,08:36,0.0,15:32,1.6,20:53,0.2"
279,"07,10,03:21,1.7,08:45,0.2,16:09,1.5,21:08,0.2"
280,"08,10,04:00,1.6,08:54,0.3,16:53,1.4,21:26,0.2"
281,"09,10,04:39,1.5,09:06,0.4,17:34,1.2,21:56,0.2"
282,"10,10,05:15,1.4,09:24,0.5,12:49,0.9,15:13,0.8,18:19,1.0,22:26,0.3"
283,"11,10,06:02,1.2,09:54,0.6,13:17,1.1,16:56,0.7,19:21,0.9,23:06,0.5"
284,"12,10,07:02,1.0,10:13,0.7,13:58,1.2,18:02,0.6,20:56,0.8"
285,"13,10,00:19,0.6,02:56,0.6,08:24,0.9,10:45,0.8,14:30,1.3,18:54,0.5,22:49,0.9"
286,"14,10,05:34,0.5,10:54,0.9,14:58,1.2,19:30,0.4,23:58,1.1"
287,"15,10,06:08,0.4,14:58,1.1,20:02,0.4"
288,"16,10,00:39,1.2,06:32,0.2,12:36,1.2,20:28,0.4"
289,"17,10,01:11,1.4,06:51,0.1,13:02,1.3,20:45,0.4"
290,"18,10,01:47,1.5,07:11,0.1,13:32,1.4,20:28,0.4"
291,"19,10,02:15,1.5,07:36,0.0,14:02,1.5,19:32,0.3"
292,"20,10,02:49,1.6,08:02,0.0,14:38,1.5,19:53,0.2"
293,"21,10,03:19,1.6,08:30,0.0,15:09,1.5,20:15,0.2"
294,"22,10,03:56,1.5,09:02,0.1,15:43,1.4,20:49,0.1"
295,"23,10,04:32,1.5,09:30,0.2,16:13,1.3,21:13,0.2"
296,"24,10,05:08,1.4,10:00,0.4,16:41,1.2,21:49,0.2"
297,"25,10,05:51,1.2,10:26,0.5,17:06,1.1,22:15,0.3"
298,"26,10,06:38,1.1,10:54,0.6,17:32,1.0,22:53,0.4"
299,"27,10,07:39,1.0,11:11,0.8,15:36,0.9,17:02,0.9,18:53,0.9,23:28,0.5"
300,"28,10,08:56,1.0,11:34,0.9,13:09,0.9,17:43,0.8,20:38,0.9"
301,"29,10,04:43,0.6,12:30,1.1,18:02,0.6,22:02,0.9"
302,"30,10,05:34,0.4,12:30,1.2,18:28,0.5,23:15,1.1"
303,"31,10,06:11,0.2,12:49,1.3,18:56,0.3"
304,"01,11,00:11,1.3,06:51,0.1,13:19,1.4,19:24,0.2"
305,"02,11,00:56,1.4,07:28,0.1,13:53,1.5,19:51,0.2"
306,"03,11,01:38,1.6,08:06,0.1,14:26,1.5,20:15,0.2"
307,"04,11,02:17,1.7,08:24,0.2,15:04,1.5,20:30,0.2"
308,"05,11,02:58,1.7,08:08,0.3,15:47,1.4,20:47,0.2"
309,"06,11,03:41,1.6,08:13,0.4,11:53,0.6,16:26,1.3,21:11,0.2"
310,"07,11,04:23,1.5,08:38,0.5,11:41,0.8,13:45,0.7,17:11,1.1,21:45,0.2"
311,"08,11,05:08,1.4,09:02,0.6,12:19,1.0,15:23,0.8,18:08,1.0,22:26,0.3"
312,"09,11,06:00,1.2,09:38,0.6,13:04,1.2,16:51,0.7,19:19,0.9,23:36,0.5"
313,"10,11,06:58,1.1,10:06,0.7,13:51,1.3,17:51,0.6,20:53,0.8"
314,"11,11,02:45,0.5,08:00,1.0,10:49,0.8,14:26,1.2,18:38,0.5,22:15,0.9"
315,"12,11,04:23,0.5,09:09,0.9,11:26,0.8,15:02,1.2,19:11,0.5,23:21,1.1"
316,"13,11,05:08,0.4,10:26,1.0,12:43,0.9,15:23,1.0,19:47,0.5"
317,"14,11,00:08,1.2,05:36,0.3,11:32,1.1,20:04,0.5"
318,"15,11,00:47,1.3,06:04,0.3,12:17,1.2,20:09,0.5"
319,"16,11,01:17,1.4,06:32,0.2,12:56,1.3,19:26,0.4"
320,"17,11,01:53,1.5,07:04,0.2,13:32,1.4,19:13,0.3"
321,"18,11,02:23,1.5,07:38,0.1,14:06,1.4,19:36,0.2"
322,"19,11,03:00,1.5,08:11,0.2,14:43,1.4,20:06,0.2"
323,"20,11,03:38,1.5,08:45,0.2,15:15,1.4,20:36,0.2"
324,"21,11,04:13,1.5,09:15,0.3,15:47,1.3,21:06,0.2"
325,"22,11,04:56,1.4,09:47,0.4,16:15,1.2,21:38,0.2"
326,"23,11,05:38,1.3,10:13,0.5,16:38,1.1,22:11,0.3"
327,"24,11,06:15,1.2,10:45,0.6,17:08,1.0,22:53,0.3"
328,"25,11,07:02,1.2,11:11,0.7,18:24,1.0,23:39,0.4"
329,"26,11,08:00,1.1,11:53,0.8,14:19,0.8,16:54,0.8,20:00,0.9"
330,"27,11,03:02,0.5,09:04,1.1,17:26,0.7,21:17,1.0"
331,"28,11,04:36,0.4,10:23,1.1,17:56,0.5,22:30,1.1"
332,"29,11,05:38,0.3,11:51,1.2,18:28,0.4,23:30,1.2"
333,"30,11,06:32,0.2,12:43,1.3,19:00,0.3"
334,"01,12,00:21,1.4,07:28,0.2,13:24,1.4,19:34,0.2"
335,"02,12,01:08,1.5,08:34,0.3,14:04,1.4,20:08,0.2"
336,"03,12,01:56,1.6,09:47,0.4,14:47,1.4,20:36,0.2"
337,"04,12,02:41,1.6,08:49,0.6,10:58,0.5,15:28,1.3,21:17,0.2"
338,"05,12,03:28,1.6,07:51,0.6,09:58,0.7,12:08,0.6,16:13,1.2,21:43,0.2"
339,"06,12,04:15,1.5,08:13,0.6,11:00,0.9,13:34,0.7,17:04,1.1,22:38,0.2"
340,"07,12,05:04,1.4,08:54,0.6,12:00,1.0,15:00,0.8,18:02,1.1,23:41,0.3"
341,"08,12,05:56,1.3,09:30,0.6,12:58,1.1,16:17,0.7,19:06,1.0"
342,"09,12,00:45,0.4,06:45,1.2,10:08,0.6,13:49,1.2,17:21,0.7,20:13,0.9"
343,"10,12,01:51,0.4,07:34,1.1,10:54,0.6,14:36,1.2,18:11,0.6,21:26,1.0"
344,"11,12,02:51,0.5,08:19,1.0,11:41,0.7,15:17,1.1,18:58,0.6,22:36,1.0"
345,"12,12,03:43,0.5,09:13,1.0,12:41,0.7,15:58,1.0,19:28,0.6,23:32,1.1"
346,"13,12,04:30,0.5,10:13,1.0,14:51,0.8,16:30,0.8,19:53,0.6"
347,"14,12,00:15,1.2,05:15,0.4,11:21,1.1,19:56,0.5"
348,"15,12,00:54,1.3,06:02,0.4,12:17,1.2,19:36,0.4"
349,"16,12,01:30,1.4,06:45,0.3,13:04,1.3,19:26,0.3"
350,"17,12,02:06,1.4,07:28,0.3,13:45,1.3,19:45,0.3"
351,"18,12,02:45,1.5,08:09,0.3,14:23,1.4,20:19,0.2"
352,"19,12,03:23,1.5,08:43,0.3,15:00,1.3,20:45,0.2"
353,"20,12,04:02,1.5,09:13,0.4,15:36,1.3,21:15,0.2"
354,"21,12,04:45,1.5,09:43,0.4,16:09,1.3,21:47,0.2"
355,"22,12,05:23,1.4,10:09,0.4,16:43,1.2,22:23,0.2"
356,"23,12,06:02,1.4,10:41,0.5,17:24,1.1,23:06,0.3"
357,"24,12,06:45,1.3,11:11,0.6,18:15,1.1"
358,"25,12,00:00,0.4,07:26,1.2,11:51,0.7,19:17,1.0"
359,"26,12,02:11,0.4,08:15,1.2,12:41,0.8,20:26,1.0"
360,"27,12,03:56,0.4,09:17,1.1,17:08,0.7,21:39,1.1"
361,"28,12,05:17,0.4,10:39,1.1,17:58,0.6,22:49,1.2"
362,"29,12,06:39,0.4,12:02,1.1,18:43,0.4,23:53,1.3"
363,"30,12,07:56,0.4,13:02,1.2,19:28,0.3"
364,"31,12,00:49,1.4,09:02,0.4,13:51,1.2,20:15,0.2"
365,"01,1,04:56,1.5,09:39,0.5,11:13,0.6,11:56,0.6,16:54,1.3,21:41,0.2"
366,"02,1,05:17,1.4,09:54,0.6,12:43,0.7,17:11,1.2,21:56,0.2"
367,"03,1,06:00,1.3,10:02,0.7,12:56,0.7,17:51,1.1,22:08,0.4"
368,"04,1,00:51,0.4,07:08,1.2,11:54,0.8,12:56,0.8,15:39,0.8,18:38,1.1,23:17,0.5"
369,"05,1,02:04,0.5,03:56,0.5,08:15,1.2,13:02,0.7,14:47,0.8,16:00,0.7,19:58,1.1"
370,"06,1,00:58,0.5,02:19,0.6,04:47,0.4,09:06,1.2,13:28,0.7,14:58,0.7,16:09,0.7,20:51,1.2"
371,"07,1,01:15,0.6,02:56,0.6,05:51,0.4,10:11,1.2,14:17,0.6,15:00,0.6,16:15,0.6,21:32,1.3"
372,"08,1,01:56,0.6,03:15,0.7,06:51,0.4,11:04,1.2,17:06,0.5,22:45,1.3"
373,"09,1,02:28,0.7,04:00,0.7,07:38,0.4,11:58,1.1,18:30,0.4,23:54,1.3"
374,"10,1,08:34,0.4,12:58,1.1,19:11,0.3"
375,"11,1,00:58,1.4,09:45,0.4,14:02,1.2,19:51,0.1"
376,"12,1,01:54,1.5,10:56,0.5,15:02,1.3,20:32,0.0"
377,"13,1,02:39,1.5,07:08,0.7,09:08,0.7,11:53,0.5,15:54,1.4,21:00,0.0"
378,"14,1,03:36,1.6,07:28,0.6,10:23,0.8,12:28,0.6,16:38,1.4,21:26,0.0"
379,"15,1,04:19,1.6,08:11,0.5,11:02,0.9,13:06,0.7,17:04,1.4,22:00,0.0"
380,"16,1,04:54,1.5,08:51,0.4,11:54,1.0,14:43,0.8,17:41,1.3,23:24,0.2"
381,"17,1,05:15,1.5,09:23,0.3,13:45,1.0,15:51,0.9,18:09,1.2"
382,"18,1,00:13,0.2,05:49,1.4,09:58,0.3,14:15,1.1,16:34,0.9,19:21,1.0"
383,"19,1,00:43,0.3,06:11,1.2,10:34,0.3,14:58,1.1,18:17,0.9,20:11,1.0"
384,"20,1,01:02,0.4,07:06,1.1,11:30,0.4,15:24,1.1,18:54,0.8,21:13,0.9"
385,"21,1,01:36,0.5,08:06,1.0,12:45,0.4,16:08,0.9,19:02,0.7,23:00,1.0"
386,"22,1,04:02,0.6,09:06,1.0,13:34,0.5,16:43,0.7,19:00,0.6,23:41,1.2"
387,"23,1,05:24,0.5,10:47,1.1,18:49,0.5"
388,"24,1,00:04,1.3,06:21,0.4,11:49,1.2,18:32,0.3"
389,"25,1,00:47,1.3,06:54,0.3,12:36,1.2,18:54,0.2"
390,"26,1,01:24,1.4,07:36,0.3,13:24,1.3,19:36,0.1"
391,"27,1,02:19,1.5,08:24,0.3,14:17,1.3,20:28,0.1"
392,"28,1,03:30,1.5,09:02,0.4,15:28,1.3,21:00,0.0"
393,"29,1,04:09,1.6,09:23,0.4,16:08,1.4,21:23,0.1"
394,"30,1,04:47,1.6,09:41,0.4,11:43,0.5,16:41,1.4,21:41,0.1"
395,"31,1,05:06,1.5,09:51,0.5,17:00,1.4,21:51,0.2"
396,"01,2,00:39,0.3,05:47,1.4,10:00,0.5,17:28,1.3,22:00,0.3"
397,"02,2,00:04,0.5,00:58,0.5,06:23,1.2,10:17,0.6,18:02,1.2,22:19,0.4"
398,"03,2,02:00,0.6,03:53,0.5,07:45,1.1,12:24,0.6,19:13,1.2,23:30,0.6"
399,"04,2,02:17,0.7,04:45,0.5,08:38,1.0,12:58,0.5,20:09,1.2"
400,"05,2,00:45,0.6,02:58,0.8,05:58,0.5,09:19,1.0,13:26,0.5,21:02,1.2"
401,"06,2,01:06,0.6,03:36,0.9,06:56,0.5,10:41,1.0,14:17,0.5,22:13,1.2"
402,"07,2,01:51,0.7,04:21,0.9,07:47,0.5,11:45,1.0,18:30,0.4,23:34,1.2"
403,"08,2,02:30,0.9,04:56,1.0,08:43,0.5,12:45,1.1,19:08,0.2"
404,"09,2,00:36,1.3,09:45,0.5,13:49,1.2,19:51,0.1"
405,"10,2,01:28,1.4,10:41,0.5,14:45,1.3,20:24,-0.1"
406,"11,2,02:15,1.5,06:51,0.7,08:21,0.7,11:32,0.5,15:41,1.5,20:56,-0.1"
407,"12,2,03:06,1.5,07:13,0.5,10:08,0.8,12:04,0.6,16:17,1.5,21:17,-0.1"
408,"13,2,03:49,1.6,07:53,0.4,11:00,0.8,12:47,0.7,16:56,1.5,21:51,0.0"
409,"14,2,04:30,1.5,08:38,0.3,11:43,0.8,13:00,0.8,17:17,1.4,22:09,0.1"
410,"15,2,04:56,1.5,09:09,0.2,14:51,0.9,17:51,1.3,22:41,0.2"
411,"16,2,05:17,1.4,09:49,0.1,14:26,1.0,15:58,1.0,18:04,1.2,23:41,0.3"
412,"17,2,05:45,1.3,10:11,0.2,14:58,1.1,17:02,1.0,18:00,1.0"
413,"18,2,00:30,0.4,06:02,1.2,10:54,0.3,15:19,1.1,18:54,0.9,20:06,0.9"
414,"19,2,00:58,0.5,07:17,1.0,12:09,0.4,15:53,0.9,18:53,0.8,21:13,0.9"
415,"20,2,01:34,0.7,08:43,0.9,13:06,0.5,16:19,0.7,18:41,0.7,23:06,1.1"
416,"21,2,05:45,0.6,10:34,1.0,18:23,0.5,23:47,1.2"
417,"22,2,06:36,0.5,11:38,1.1,18:30,0.3"
418,"23,2,00:11,1.4,07:00,0.4,12:13,1.2,18:54,0.2"
419,"24,2,01:02,1.4,07:38,0.3,13:06,1.3,19:38,0.1"
420,"25,2,01:58,1.5,08:19,0.3,14:00,1.3,20:26,0.0"
421,"26,2,02:54,1.6,08:58,0.3,14:45,1.4,21:02,0.0"
422,"27,2,03:53,1.6,09:15,0.3,15:41,1.5,21:26,0.0"
423,"28,2,04:30,1.6,09:26,0.4,16:19,1.5,21:34,0.1,23:51,0.2,23:52,0.2"
424,"01,3,04:58,1.6,09:38,0.4,16:49,1.5,21:34,0.2,23:11,0.4"
425,"02,3,00:43,0.3,05:23,1.4,09:51,0.4,17:08,1.5,21:45,0.3,23:58,0.6"
426,"03,3,01:04,0.5,06:00,1.2,10:04,0.4,17:49,1.4,22:00,0.4"
427,"04,3,01:43,0.7,03:51,0.6,06:56,1.0,10:43,0.5,18:28,1.2,22:32,0.6"
428,"05,3,02:06,0.9,04:49,0.6,08:02,0.9,12:30,0.4,19:51,1.2,23:39,0.6"
429,"06,3,02:53,1.0,06:06,0.6,08:58,0.9,13:04,0.4,20:43,1.2"
430,"07,3,00:43,0.7,03:24,1.1,07:00,0.6,10:19,0.9,13:54,0.5,21:38,1.1"
431,"08,3,01:11,0.7,04:15,1.1,07:51,0.6,11:34,0.9,18:24,0.4,23:06,1.2"
432,"09,3,02:00,0.8,04:56,1.1,08:38,0.5,12:24,1.1,19:00,0.2"
433,"10,3,00:06,1.3,03:15,0.9,05:32,1.0,09:32,0.5,13:30,1.2,19:36,0.0"
434,"11,3,01:02,1.4,10:13,0.5,14:26,1.4,20:04,-0.1"
435,"12,3,01:51,1.5,06:24,0.6,08:11,0.6,10:56,0.5,15:17,1.5,20:38,-0.1"
436,"13,3,02:24,1.5,07:02,0.4,10:06,0.7,11:47,0.6,15:58,1.6,21:00,-0.1"
437,"14,3,03:13,1.5,07:34,0.3,11:00,0.7,12:04,0.7,16:38,1.6,21:23,0.0"
438,"15,3,03:54,1.5,08:21,0.2,17:00,1.5,21:53,0.1"
439,"16,3,04:36,1.5,08:58,0.1,17:21,1.4,22:06,0.2"
440,"17,3,04:58,1.4,09:32,0.1,17:43,1.3,22:24,0.3"
441,"18,3,05:13,1.3,09:58,0.1,15:06,1.1,15:58,1.0,17:51,1.1,23:02,0.4"
442,"19,3,05:36,1.2,10:21,0.2,15:19,1.0,16:08,1.0,17:41,1.0"
443,"20,3,00:17,0.6,05:53,1.0,11:19,0.4,15:39,0.9,17:53,0.9,20:23,1.0"
444,"21,3,01:00,0.7,03:09,0.8,05:30,0.8,08:13,0.9,12:58,0.5,15:23,0.7,17:24,0.7,22:39,1.1"
445,"22,3,06:13,0.6,10:24,0.9,17:38,0.5,23:15,1.3"
446,"23,3,06:36,0.5,11:17,1.1,18:13,0.3,23:54,1.4"
447,"24,3,06:54,0.4,11:56,1.2,18:47,0.1"
448,"25,3,00:36,1.5,07:23,0.3,12:43,1.3,19:26,0.0"
449,"26,3,01:24,1.5,07:58,0.3,13:26,1.3,20:15,0.0"
450,"27,3,02:23,1.5,08:38,0.3,14:13,1.4,21:00,0.0"
451,"28,3,03:28,1.6,09:00,0.3,15:09,1.5,21:28,0.1"
452,"29,3,04:06,1.6,09:06,0.3,15:49,1.6,21:23,0.2"
453,"30,3,04:45,1.5,09:13,0.3,16:32,1.6,21:08,0.3,23:02,0.5"
454,"31,3,00:45,0.4,05:06,1.3,09:32,0.3,16:58,1.5,21:15,0.4,23:42,0.7"
455,"01,4,01:17,0.6,05:43,1.1,09:56,0.3,17:32,1.4,21:43,0.5"
456,"02,4,00:23,0.9,03:51,0.7,06:13,1.0,10:15,0.3,18:08,1.3,22:04,0.6"
457,"03,4,01:56,1.0,04:49,0.7,07:41,0.8,11:43,0.4,19:24,1.2,22:53,0.6"
458,"04,4,02:39,1.1,06:09,0.6,08:38,0.8,12:58,0.4,20:19,1.1"
459,"05,4,00:02,0.7,03:11,1.2,07:00,0.6,09:47,0.8,13:45,0.5,15:04,0.5,16:15,0.5,21:11,1.1"
460,"06,4,00:56,0.7,04:02,1.2,07:41,0.6,11:19,1.0,17:53,0.4,22:38,1.1"
461,"07,4,01:43,0.7,04:49,1.1,08:19,0.5,12:09,1.1,18:43,0.2,23:43,1.2"
462,"08,4,02:45,0.8,05:24,1.0,09:04,0.5,13:08,1.3,19:08,0.0"
463,"09,4,00:26,1.3,05:02,0.7,06:04,0.7,09:36,0.5,14:02,1.4,19:39,0.0"
464,"10,4,01:09,1.4,06:08,0.5,08:21,0.6,10:09,0.6,14:45,1.5,20:04,-0.1"
465,"11,4,01:56,1.5,06:47,0.3,15:34,1.6,20:36,0.0"
466,"12,4,02:28,1.5,07:17,0.2,11:45,0.7,16:08,1.6,21:00,0.0"
467,"13,4,03:21,1.5,08:04,0.1,16:45,1.5,21:19,0.1"
468,"14,4,04:06,1.4,08:47,0.1,17:00,1.4,21:47,0.2"
469,"15,4,04:43,1.4,09:15,0.1,17:15,1.3,22:00,0.3"
470,"16,4,05:00,1.3,09:49,0.1,17:38,1.2,22:09,0.4"
471,"17,4,05:15,1.1,10:06,0.2,17:58,1.1,22:30,0.6"
472,"18,4,03:15,0.9,03:58,0.9,05:41,1.0,10:38,0.4,19:56,1.0"
473,"19,4,00:51,0.8,02:54,0.9,05:13,0.8,08:02,0.8,12:58,0.5,15:04,0.6,16:06,0.6,21:08,1.1"
474,"20,4,05:49,0.6,09:15,0.9,17:04,0.4,22:51,1.3"
475,"21,4,06:11,0.5,10:47,1.1,17:47,0.2,23:28,1.4"
476,"22,4,06:36,0.4,11:24,1.2,18:34,0.1"
477,"23,4,00:04,1.5,06:58,0.3,12:02,1.3,19:13,0.1"
478,"24,4,00:58,1.5,07:28,0.3,12:56,1.4,20:02,0.1"
479,"25,4,01:54,1.5,08:00,0.3,13:45,1.5,20:58,0.1"
480,"26,4,02:47,1.5,08:34,0.2,14:26,1.5,21:38,0.2"
481,"27,4,03:43,1.5,08:53,0.2,15:24,1.6,21:15,0.4,22:02,0.4,23:54,0.3"
482,"28,4,04:23,1.4,09:00,0.2,16:11,1.6,20:49,0.5,22:54,0.6"
483,"29,4,00:47,0.4,04:56,1.3,09:15,0.2,16:51,1.6,20:54,0.5,23:15,0.8"
484,"30,4,01:26,0.6,05:21,1.1,09:47,0.2,17:17,1.4,21:15,0.5"
485,"01,5,00:04,1.0,03:45,0.7,06:00,1.0,10:06,0.3,18:00,1.3,21:53,0.6"
486,"02,5,01:36,1.1,04:32,0.7,07:11,0.8,12:26,0.4,18:56,1.2,22:23,0.6"
487,"03,5,02:19,1.2,05:58,0.7,08:17,0.8,13:00,0.4,20:00,1.1,23:28,0.6"
488,"04,5,03:02,1.2,06:53,0.6,09:24,0.9,13:53,0.5,14:58,0.5,16:00,0.4,20:53,1.1"
489,"05,5,00:39,0.6,03:49,1.2,07:19,0.6,11:04,1.0,17:09,0.4,21:49,1.1"
490,"06,5,01:17,0.6,04:38,1.1,07:58,0.6,11:56,1.2,18:11,0.3,23:02,1.2"
491,"07,5,02:13,0.7,05:13,0.9,08:24,0.6,12:41,1.3,18:43,0.1,23:54,1.3"
492,"08,5,04:13,0.6,06:00,0.7,08:43,0.5,13:26,1.4,19:06,0.1"
493,"09,5,00:41,1.4,05:54,0.4,14:11,1.5,19:32,0.0"
494,"10,5,01:19,1.4,06:28,0.3,14:54,1.5,19:58,0.1"
495,"11,5,02:00,1.4,07:08,0.2,15:43,1.5,20:34,0.1"
496,"12,5,02:38,1.4,07:47,0.1,16:17,1.5,20:58,0.2"
497,"13,5,03:38,1.4,08:39,0.1,16:49,1.5,21:19,0.3"
498,"14,5,04:34,1.3,09:08,0.1,17:02,1.4,21:45,0.4"
499,"15,5,04:56,1.2,09:41,0.2,17:23,1.3,22:00,0.5"
500,"16,5,05:13,1.1,10:00,0.2,17:58,1.2,22:09,0.6"
501,"17,5,03:54,0.9,05:51,1.0,10:21,0.4,19:30,1.1"
502,"18,5,00:54,0.8,02:26,0.8,04:19,0.8,07:43,0.9,12:58,0.5,15:54,0.6,20:49,1.2"
503,"19,5,05:02,0.6,08:53,1.0,16:38,0.4,22:13,1.3"
504,"20,5,05:30,0.5,09:39,1.1,17:28,0.2,22:58,1.4"
505,"21,5,05:54,0.4,10:41,1.3,18:21,0.2,23:43,1.4"
506,"22,5,06:26,0.4,11:26,1.3,19:04,0.1"
507,"23,5,00:23,1.4,06:53,0.3,12:13,1.4,19:58,0.2"
508,"24,5,01:17,1.4,07:26,0.3,13:08,1.4,21:00,0.2"
509,"25,5,02:17,1.3,07:56,0.2,14:04,1.5,22:30,0.3"
510,"26,5,03:21,1.3,08:34,0.2,14:58,1.6,23:54,0.4"
511,"27,5,04:04,1.3,08:56,0.1,15:54,1.6,20:17,0.6,22:36,0.7"
512,"28,5,00:43,0.5,04:49,1.3,09:11,0.1,16:41,1.6,20:32,0.6,23:02,0.9"
513,"29,5,01:23,0.7,05:09,1.2,09:47,0.2,17:08,1.5,21:00,0.6,23:53,1.1"
514,"30,5,03:21,0.7,05:54,1.0,10:08,0.3,17:51,1.4,21:38,0.6"
515,"31,5,01:08,1.1,04:08,0.7,06:39,0.9,12:51,0.3,18:26,1.2,22:06,0.5"
516,"01,6,02:06,1.2,05:17,0.8,08:02,0.9,13:04,0.3,19:32,1.2,23:02,0.5"
517,"02,6,02:56,1.2,06:32,0.7,09:02,0.9,13:45,0.4,20:15,1.1"
518,"03,6,00:11,0.5,03:36,1.2,07:02,0.6,10:45,1.0,16:09,0.4,21:04,1.1"
519,"04,6,01:02,0.5,04:23,1.0,07:32,0.6,11:34,1.1,17:17,0.4,22:15,1.1"
520,"05,6,01:58,0.5,05:04,0.9,07:56,0.6,12:08,1.3,18:08,0.3,23:17,1.2"
521,"06,6,03:30,0.6,05:54,0.6,07:58,0.6,12:56,1.4,18:36,0.2"
522,"07,6,00:02,1.3,05:36,0.4,13:34,1.4,19:00,0.2"
523,"08,6,00:54,1.3,06:21,0.3,14:15,1.4,19:28,0.2"
524,"09,6,01:39,1.3,07:02,0.2,15:09,1.4,20:04,0.3"
525,"10,6,02:17,1.3,07:43,0.1,15:53,1.4,20:45,0.3"
526,"11,6,03:30,1.3,08:41,0.1,16:32,1.5,21:06,0.4"
527,"12,6,04:26,1.3,09:06,0.1,16:56,1.5,21:32,0.4"
528,"13,6,04:54,1.3,09:39,0.2,17:13,1.4,21:54,0.5"
529,"14,6,05:11,1.2,09:58,0.2,17:54,1.3,22:04,0.6"
530,"15,6,05:49,1.1,10:13,0.3,18:51,1.2"
531,"16,6,01:00,0.8,03:53,0.8,06:39,1.0,12:56,0.5,15:39,0.5,20:17,1.2"
532,"17,6,04:08,0.7,08:08,1.0,13:19,0.5,14:02,0.5,16:19,0.4,21:13,1.3"
533,"18,6,04:38,0.6,09:00,1.2,17:15,0.3,22:26,1.3"
534,"19,6,05:02,0.5,09:45,1.3,18:15,0.3,23:09,1.3"
535,"20,6,05:32,0.4,10:45,1.3,19:02,0.3,23:58,1.3"
536,"21,6,06:19,0.4,11:45,1.4,20:00,0.3"
537,"22,6,00:54,1.2,06:54,0.3,12:47,1.4,21:08,0.4"
538,"23,6,01:54,1.2,07:39,0.2,13:47,1.5,22:41,0.4"
539,"24,6,02:53,1.3,08:26,0.1,14:36,1.5,23:51,0.4"
540,"25,6,03:53,1.3,08:56,0.0,15:39,1.6,19:30,0.7,22:04,0.8"
541,"26,6,00:26,0.5,04:36,1.3,09:17,0.1,16:24,1.6,20:09,0.6,22:58,1.0"
542,"27,6,01:09,0.6,05:02,1.3,09:54,0.1,16:58,1.5,20:47,0.5,23:36,1.0"
543,"28,6,02:51,0.8,05:43,1.2,10:17,0.2,11:02,0.2,12:17,0.2,17:28,1.4,21:19,0.5"
544,"29,6,00:32,1.1,03:54,0.8,06:17,1.1,12:45,0.2,18:02,1.3,21:58,0.4"
545,"30,6,02:00,1.1,04:38,0.8,07:41,1.0,12:58,0.3,18:45,1.2,22:39,0.4"
546,"01,7,02:49,1.2,05:58,0.8,08:34,1.0,13:15,0.4,19:43,1.1,23:41,0.4"
547,"02,7,03:21,1.1,06:51,0.7,09:36,1.0,14:04,0.5,20:26,1.1"
548,"03,7,00:47,0.4,04:09,1.0,07:08,0.7,11:02,1.1,16:09,0.5,21:13,1.1"
549,"04,7,01:32,0.5,04:54,0.8,07:23,0.6,11:49,1.2,17:21,0.5,22:41,1.1"
550,"05,7,02:45,0.5,05:32,0.6,07:19,0.6,12:17,1.3,18:13,0.4,23:43,1.2"
551,"06,7,06:21,0.4,13:00,1.3,18:39,0.3"
552,"07,7,00:30,1.3,06:28,0.3,13:39,1.4,19:11,0.3"
553,"08,7,01:15,1.3,07:09,0.2,14:23,1.4,19:47,0.3"
554,"09,7,02:08,1.3,07:51,0.1,15:30,1.4,20:39,0.4"
555,"10,7,03:26,1.3,08:47,0.1,16:09,1.5,21:04,0.4"
556,"11,7,04:13,1.3,09:09,0.1,16:47,1.5,21:28,0.4"
557,"12,7,04:47,1.3,09:39,0.1,17:06,1.5,21:51,0.5"
558,"13,7,05:02,1.3,09:56,0.2,17:43,1.4,22:02,0.6"
559,"14,7,00:43,0.7,05:34,1.2,10:04,0.3,18:21,1.2,22:23,0.7"
560,"15,7,00:54,0.7,06:06,1.1,10:36,0.4,12:51,0.5,19:53,1.2"
561,"16,7,01:00,0.7,07:28,1.1,12:56,0.5,14:09,0.5,16:13,0.4,20:49,1.2"
562,"17,7,01:24,0.6,08:21,1.2,13:06,0.5,14:43,0.6,17:15,0.4,21:36,1.2"
563,"18,7,04:04,0.5,09:06,1.3,13:41,0.6,15:02,0.6,18:21,0.4,22:43,1.2"
564,"19,7,04:32,0.5,10:08,1.3,14:09,0.7,15:51,0.7,19:08,0.4,23:38,1.1"
565,"20,7,05:38,0.4,11:15,1.3,15:06,0.8,16:17,0.8,20:04,0.4"
566,"21,7,00:26,1.1,06:47,0.3,12:17,1.3,21:19,0.5"
567,"22,7,01:30,1.1,07:38,0.2,13:21,1.4,22:36,0.5"
568,"23,7,02:34,1.2,08:21,0.0,14:15,1.5,19:54,0.8,23:34,0.5"
569,"24,7,03:38,1.3,08:58,0.0,15:15,1.5,19:13,0.6,21:54,0.8"
570,"25,7,00:08,0.5,04:17,1.4,09:21,0.0,16:00,1.6,19:47,0.5,22:51,0.9"
571,"26,7,00:56,0.6,04:56,1.4,09:54,0.0,16:43,1.5,20:32,0.4,23:19,1.0"
572,"27,7,01:24,0.8,05:21,1.3,10:15,0.1,17:04,1.5,21:06,0.3"
573,"28,7,00:19,1.0,03:13,0.9,06:00,1.2,12:13,0.2,17:39,1.4,21:49,0.3"
574,"29,7,02:00,1.1,04:02,0.9,06:39,1.1,12:38,0.3,18:02,1.3,22:15,0.3"
575,"30,7,02:45,1.1,05:04,0.9,07:56,1.0,12:54,0.4,18:38,1.1,23:06,0.3"
576,"31,7,03:11,1.1,06:34,0.8,08:49,1.0,13:09,0.5,19:47,1.1"
577,"01,8,00:15,0.4,03:54,1.0,06:58,0.7,10:32,1.0,13:58,0.6,20:45,1.0"
578,"02,8,01:04,0.5,04:36,0.8,07:02,0.6,11:17,1.1,16:47,0.6,22:09,1.0"
579,"03,8,02:09,0.5,04:53,0.6,06:58,0.5,11:56,1.2,18:13,0.5,23:30,1.1"
580,"04,8,06:38,0.4,12:24,1.3,18:39,0.4"
581,"05,8,00:11,1.2,06:41,0.2,13:06,1.4,19:09,0.4"
582,"06,8,01:04,1.2,07:15,0.1,13:56,1.4,19:49,0.4"
583,"07,8,02:00,1.3,07:58,0.1,14:45,1.5,20:39,0.4"
584,"08,8,02:47,1.3,08:49,0.1,15:51,1.5,21:04,0.4"
585,"09,8,03:49,1.4,09:09,0.1,16:32,1.6,21:24,0.4"
586,"10,8,04:26,1.4,09:34,0.1,16:58,1.6,21:45,0.4"
587,"11,8,04:53,1.4,09:47,0.2,17:23,1.4,21:58,0.5"
588,"12,8,05:09,1.4,09:54,0.3,12:51,0.4,18:02,1.2,22:08,0.5"
589,"13,8,05:49,1.3,10:06,0.4,14:06,0.6,15:23,0.6,19:09,1.1,23:23,0.6"
590,"14,8,06:32,1.2,10:45,0.5,14:02,0.7,16:15,0.5,20:11,1.0"
591,"15,8,00:58,0.6,07:54,1.2,12:21,0.6,14:39,0.8,17:26,0.5,21:04,1.0"
592,"16,8,01:21,0.5,08:47,1.3,12:58,0.6,15:06,0.8,18:36,0.5,22:15,1.0"
593,"17,8,02:13,0.5,03:54,0.5,09:34,1.3,13:30,0.7,15:58,0.9,19:13,0.5,23:15,1.0"
594,"18,8,05:32,0.4,10:54,1.3,14:08,0.8,16:43,1.0,20:09,0.5"
595,"19,8,00:08,1.1,06:49,0.3,12:00,1.3,15:17,0.9,17:09,0.9,21:17,0.5"
596,"20,8,01:13,1.1,07:32,0.1,13:02,1.4,22:13,0.5"
597,"21,8,02:19,1.3,08:09,0.0,13:56,1.5,19:45,0.7,23:02,0.5"
598,"22,8,03:17,1.4,08:49,-0.1,14:38,1.5,19:00,0.6,21:51,0.7,23:54,0.6"
599,"23,8,04:00,1.5,09:08,-0.1,15:30,1.5,19:28,0.4,22:49,0.8"
600,"24,8,00:21,0.6,04:41,1.5,09:38,0.0,16:09,1.5,20:15,0.3,23:13,0.9"
601,"25,8,00:58,0.7,05:04,1.5,10:00,0.1,16:49,1.5,20:54,0.2"
602,"26,8,00:19,0.9,00:58,0.9,05:38,1.4,10:19,0.2,17:06,1.4,21:28,0.1"
603,"27,8,02:09,1.0,03:41,1.0,06:02,1.2,11:17,0.3,17:36,1.3,22:00,0.1"
604,"28,8,02:47,1.1,04:09,1.0,06:19,1.1,12:02,0.4,17:54,1.2,22:32,0.2"
605,"29,8,03:06,1.1,07:56,1.0,12:41,0.5,18:06,1.0,23:30,0.4"
606,"30,8,03:34,1.0,06:49,0.8,08:58,0.9,13:04,0.6,20:04,0.9"
607,"31,8,00:53,0.5,04:06,0.8,06:47,0.7,10:56,1.0,14:06,0.8,14:58,0.8,18:23,0.7,21:23,0.9"
608,"01,9,01:58,0.6,03:09,0.6,06:34,0.5,11:34,1.2,18:36,0.5,23:23,1.1"
609,"02,9,06:24,0.3,12:00,1.3,18:49,0.4"
610,"03,9,00:02,1.2,06:41,0.2,12:41,1.4,19:09,0.4"
611,"04,9,00:51,1.3,07:11,0.1,13:24,1.5,19:47,0.3"
612,"05,9,01:34,1.3,07:53,0.0,14:19,1.5,20:28,0.3"
613,"06,9,02:17,1.4,08:43,0.0,15:26,1.6,20:58,0.3"
614,"07,9,03:17,1.4,09:06,0.0,16:08,1.6,21:11,0.3"
615,"08,9,03:53,1.5,09:21,0.1,16:45,1.6,21:26,0.3"
616,"09,9,04:32,1.5,09:23,0.2,11:09,0.4,12:11,0.3,17:06,1.4,21:43,0.3"
617,"10,9,04:58,1.5,09:28,0.3,11:49,0.5,12:58,0.5,17:45,1.2,21:58,0.4"
618,"11,9,05:24,1.4,09:49,0.4,12:13,0.7,15:28,0.6,18:21,1.0,22:15,0.4"
619,"12,9,06:04,1.3,10:06,0.5,13:49,0.9,16:21,0.6,19:51,0.9"
620,"13,9,00:21,0.5,07:21,1.2,10:56,0.7,14:21,1.0,17:38,0.6,20:45,0.9"
621,"14,9,01:00,0.5,08:19,1.2,12:17,0.7,15:00,1.1,18:41,0.5,21:39,0.9"
622,"15,9,01:47,0.5,03:06,0.5,04:04,0.5,09:11,1.2,13:00,0.7,15:49,1.1,19:15,0.5,23:04,1.0"
623,"16,9,05:38,0.4,10:36,1.2,13:49,0.8,16:36,1.1,20:06,0.5"
624,"17,9,00:00,1.1,06:43,0.2,11:43,1.3,14:41,0.9,17:09,1.0,21:00,0.5"
625,"18,9,01:00,1.2,07:15,0.1,12:36,1.3,17:47,0.8,21:45,0.5"
626,"19,9,02:00,1.4,07:53,-0.1,13:21,1.4,18:09,0.6,19:24,0.7,22:34,0.5"
627,"20,9,02:49,1.5,08:23,-0.1,14:06,1.5,18:45,0.5,21:56,0.6,23:17,0.6"
628,"21,9,03:39,1.6,08:51,-0.1,14:45,1.5,19:13,0.3,22:51,0.7,23:58,0.6"
629,"22,9,04:13,1.6,09:08,0.0,15:34,1.5,19:54,0.2,23:11,0.8"
630,"23,9,00:13,0.7,04:53,1.6,09:34,0.1,16:17,1.5,20:39,0.1"
631,"24,9,05:08,1.4,09:56,0.2,16:51,1.4,21:09,0.1"
632,"25,9,05:38,1.3,10:08,0.3,17:04,1.3,21:49,0.1"
633,"26,9,03:51,1.0,05:54,1.2,10:26,0.4,17:19,1.2,22:08,0.2"
634,"27,9,03:06,1.0,04:06,1.0,05:56,1.0,11:11,0.6,17:21,1.0,22:43,0.4"
635,"28,9,03:21,0.9,06:21,0.9,08:02,0.9,12:41,0.7,15:17,0.9,19:43,0.8"
636,"29,9,00:39,0.5,03:23,0.8,05:45,0.7,09:19,1.0,13:17,0.8,14:58,0.8,18:36,0.7,21:11,0.9"
637,"30,9,02:54,0.6,05:38,0.5,11:06,1.2,18:34,0.5,23:09,1.0"
638,"01,10,05:56,0.3,11:43,1.4,18:43,0.4,23:49,1.2"
639,"02,10,06:30,0.1,12:09,1.5,18:58,0.3"
640,"03,10,00:15,1.3,07:00,0.0,13:00,1.5,19:28,0.3"
641,"04,10,01:02,1.4,07:43,0.0,13:53,1.5,20:00,0.3"
642,"05,10,01:51,1.4,08:32,0.0,14:43,1.5,20:39,0.2"
643,"06,10,02:26,1.5,09:04,0.1,15:45,1.5,20:58,0.2"
644,"07,10,03:23,1.6,09:11,0.2,16:24,1.5,21:08,0.2"
645,"08,10,04:04,1.6,09:02,0.3,11:00,0.5,12:17,0.4,16:56,1.4,21:23,0.2"
646,"09,10,04:45,1.5,09:02,0.4,11:17,0.7,13:04,0.6,17:21,1.2,21:45,0.3"
647,"10,10,05:08,1.4,09:19,0.5,12:02,0.9,15:28,0.7,18:00,1.0,22:02,0.3"
648,"11,10,05:54,1.3,09:51,0.6,13:19,1.0,16:17,0.6,19:09,0.8,22:43,0.4"
649,"12,10,06:51,1.2,10:17,0.7,14:04,1.1,17:36,0.6,20:17,0.8"
650,"13,10,00:56,0.4,08:02,1.2,11:24,0.7,14:54,1.2,18:39,0.6,21:17,0.8"
651,"14,10,01:34,0.5,02:58,0.5,04:09,0.5,08:58,1.2,12:41,0.7,15:34,1.2,19:09,0.6,22:58,0.9"
652,"15,10,05:23,0.4,10:04,1.2,13:17,0.7,16:23,1.1,19:54,0.5,23:53,1.1"
653,"16,10,06:24,0.2,11:11,1.2,14:11,0.8,17:04,1.0,20:30,0.5"
654,"17,10,00:39,1.2,06:56,0.1,12:02,1.3,16:00,0.8,17:53,0.8,21:09,0.5"
655,"18,10,01:32,1.4,07:26,0.0,12:54,1.4,17:54,0.6,19:11,0.6,21:28,0.5"
656,"19,10,02:19,1.5,07:53,0.0,13:36,1.5,18:24,0.4"
657,"20,10,03:08,1.6,08:19,0.0,14:09,1.5,19:02,0.2"
658,"21,10,03:51,1.6,08:47,0.0,14:51,1.5,19:36,0.1"
659,"22,10,04:26,1.5,09:04,0.1,15:39,1.4,20:24,0.1"
660,"23,10,04:56,1.5,09:24,0.2,16:30,1.4,21:00,0.1"
661,"24,10,05:08,1.4,09:51,0.3,16:53,1.3,21:34,0.1"
662,"25,10,05:30,1.2,10:02,0.4,17:02,1.1,21:58,0.2"
663,"26,10,05:53,1.1,10:13,0.5,15:08,1.0,16:02,1.0,17:06,1.0,22:17,0.3"
664,"27,10,07:13,1.0,10:45,0.7,15:00,0.9"
665,"28,10,00:36,0.5,03:09,0.7,04:00,0.7,08:51,1.0,13:04,0.8,14:41,0.9,18:06,0.7,21:00,0.9"
666,"29,10,04:47,0.5,10:41,1.2,18:06,0.5,22:41,1.0"
667,"30,10,05:30,0.3,11:13,1.4,18:19,0.4,23:11,1.2"
668,"31,10,06:13,0.1,11:53,1.5,18:39,0.3,23:50,1.3"
669,"01,11,06:51,0.0,12:32,1.5,19:00,0.3"
670,"02,11,00:26,1.4,07:34,0.0,13:19,1.5,19:34,0.2"
671,"03,11,01:11,1.5,08:24,0.1,14:15,1.5,20:06,0.2"
672,"04,11,02:02,1.5,09:08,0.2,15:21,1.4,20:41,0.2"
673,"05,11,02:45,1.6,09:19,0.3,10:02,0.3,11:34,0.3,16:02,1.4,20:58,0.1"
674,"06,11,03:41,1.6,08:45,0.5,10:47,0.6,12:19,0.4,16:45,1.3,21:09,0.1"
675,"07,11,04:32,1.6,08:39,0.5,11:02,0.8,13:06,0.6,17:06,1.2,21:36,0.2"
676,"08,11,05:02,1.5,08:58,0.5,11:47,1.0,15:13,0.7,17:49,1.0,21:58,0.3"
677,"09,11,05:45,1.3,09:30,0.6,12:34,1.1,16:06,0.7,18:24,0.9,22:24,0.4"
678,"10,11,06:26,1.2,10:02,0.6,13:56,1.2,17:13,0.7,20:00,0.8"
679,"11,11,01:00,0.4,07:43,1.2,10:54,0.7,14:43,1.2,18:23,0.6,21:02,0.9"
680,"12,11,02:53,0.4,03:56,0.4,08:32,1.1,12:09,0.6,15:19,1.2,19:00,0.6,22:41,1.0"
681,"13,11,04:45,0.4,09:17,1.1,13:00,0.6,16:11,1.1,19:34,0.6,23:34,1.1"
682,"14,11,05:47,0.3,10:36,1.2,13:56,0.6,16:58,1.0,20:04,0.6"
683,"15,11,00:11,1.3,06:36,0.2,11:34,1.2,15:13,0.6,17:47,0.8,20:28,0.5"
684,"16,11,01:04,1.4,06:58,0.1,12:15,1.3,17:17,0.5,19:00,0.5,20:13,0.5"
685,"17,11,01:51,1.5,07:23,0.1,13:02,1.4,18:11,0.3"
686,"18,11,02:30,1.5,07:45,0.1,13:47,1.4,18:53,0.2"
687,"19,11,03:21,1.5,08:13,0.2,14:19,1.4,19:26,0.1"
688,"20,11,04:00,1.5,08:43,0.2,15:19,1.3,20:19,0.1"
689,"21,11,04:38,1.5,09:02,0.3,16:15,1.3,20:56,0.1"
690,"22,11,04:58,1.4,09:26,0.3,16:49,1.2,21:26,0.1"
691,"23,11,05:11,1.3,09:51,0.4,17:02,1.2,21:54,0.2"
692,"24,11,05:45,1.2,10:02,0.5,15:54,1.0,17:24,1.0,22:09,0.3"
693,"25,11,06:19,1.1,10:23,0.7,14:54,0.9,16:08,0.9,18:00,0.9"
694,"26,11,00:36,0.5,08:11,1.1,13:02,0.8,14:21,0.8,16:53,0.7,20:17,0.9"
695,"27,11,01:19,0.5,02:38,0.5,04:13,0.5,09:21,1.2,17:15,0.6,21:13,1.0"
696,"28,11,05:08,0.3,10:47,1.3,17:36,0.4,22:24,1.2"
697,"29,11,05:56,0.2,11:23,1.4,18:02,0.4,23:06,1.3"
698,"30,11,06:45,0.1,12:02,1.4,18:34,0.3,23:53,1.4"
699,"01,12,07:32,0.2,12:56,1.4,19:04,0.2"
700,"02,12,00:47,1.5,08:28,0.2,13:54,1.3,19:41,0.2"
701,"03,12,01:39,1.5,09:30,0.3,14:47,1.3,20:23,0.1"
702,"04,12,02:24,1.6,11:32,0.4,15:49,1.3,20:53,0.1"
703,"05,12,03:30,1.6,08:24,0.6,10:00,0.7,12:13,0.4,16:30,1.3,21:08,0.1"
704,"06,12,04:19,1.6,08:17,0.6,10:56,0.9,13:02,0.6,17:00,1.2,21:38,0.1"
705,"07,12,04:56,1.5,08:45,0.6,11:23,1.0,14:49,0.7,17:34,1.1,22:00,0.2"
706,"08,12,05:28,1.4,09:13,0.6,12:13,1.1,15:56,0.7,18:08,1.0"
707,"09,12,00:51,0.3,06:06,1.3,09:54,0.5,13:49,1.2,16:45,0.8,19:41,0.9"
708,"10,12,01:02,0.3,07:04,1.2,10:32,0.5,14:34,1.2,17:58,0.7,20:39,0.9"
709,"11,12,01:24,0.4,08:00,1.1,11:41,0.5,15:11,1.2,18:51,0.7,21:43,1.0"
710,"12,12,04:00,0.4,08:49,1.1,12:47,0.5,16:02,1.1,19:11,0.6,23:04,1.1"
711,"13,12,04:58,0.4,09:36,1.1,13:26,0.5,16:51,0.9,19:45,0.6,23:56,1.2"
712,"14,12,06:04,0.4,10:54,1.1,14:28,0.6,17:28,0.7,20:00,0.6"
713,"15,12,00:34,1.3,06:36,0.3,11:51,1.2,16:58,0.5,18:04,0.5,19:47,0.5"
714,"16,12,01:15,1.4,06:54,0.3,12:39,1.3,18:13,0.3"
715,"17,12,02:02,1.4,07:17,0.2,13:19,1.3,18:51,0.2"
716,"18,12,02:39,1.4,07:43,0.3,14:06,1.3,19:30,0.1"
717,"19,12,03:36,1.5,08:23,0.3,15:11,1.3,20:24,0.1"
718,"20,12,04:13,1.5,08:54,0.3,16:08,1.3,21:00,0.1"
719,"21,12,04:47,1.5,09:13,0.4,16:47,1.3,21:26,0.1"
720,"22,12,05:02,1.4,09:43,0.4,17:00,1.2,21:54,0.2"
721,"23,12,05:34,1.4,10:00,0.5,17:24,1.1,22:06,0.3"
722,"24,12,06:06,1.2,10:17,0.7,18:00,1.0,22:39,0.4"
723,"25,12,07:45,1.1,13:00,0.7,14:54,0.8,15:58,0.8,19:36,1.0"
724,"26,12,01:00,0.5,02:49,0.5,04:00,0.5,08:53,1.2,16:13,0.6,20:36,1.1"
725,"27,12,04:54,0.4,09:53,1.2,16:43,0.5,21:17,1.2"
726,"28,12,05:54,0.3,10:56,1.3,17:15,0.4,22:21,1.3"
727,"29,12,06:51,0.3,11:43,1.3,17:56,0.3,23:17,1.4"
728,"30,12,07:39,0.3,12:28,1.2,18:43,0.3"
729,"31,12,00:11,1.4,08:43,0.4,13:26,1.2,19:28,0.2"
730,"01,1,04:17,0.2,11:00,2.9,16:36,0.3,23:13,3.1"
731,"02,1,04:58,0.1,11:51,2.9,17:09,0.3"
732,"03,1,00:00,3.2,05:45,0.0,12:34,3.0,17:58,0.2"
733,"04,1,00:54,3.2,06:32,0.1,13:15,3.0,18:54,0.2"
734,"05,1,01:49,3.1,07:21,0.1,14:09,3.0,19:54,0.3"
735,"06,1,02:45,3.0,08:17,0.2,15:08,3.0,20:56,0.3"
736,"07,1,03:47,2.9,09:23,0.3,16:11,3.0,22:06,0.3"
737,"08,1,04:54,2.9,10:36,0.4,17:23,3.0,23:17,0.2"
738,"09,1,06:02,2.9,11:47,0.4,18:30,3.0"
739,"10,1,00:17,0.1,07:02,3.0,12:49,0.4,19:24,3.1"
740,"11,1,01:06,0.1,08:00,3.0,13:39,0.3,20:11,3.1"
741,"12,1,02:00,0.0,08:54,3.0,14:17,0.3,21:02,3.2"
742,"13,1,02:54,-0.1,09:38,3.0,15:02,0.2,21:54,3.2"
743,"14,1,03:39,0.0,10:11,3.0,15:56,0.2,22:39,3.2"
744,"15,1,04:13,0.0,11:00,3.0,16:43,0.2,23:15,3.2"
745,"16,1,05:00,-0.1,11:53,3.0,17:21,0.2"
746,"17,1,00:02,3.2,05:54,0.0,12:34,3.0,18:06,0.3"
747,"18,1,00:54,3.1,06:38,0.1,13:15,3.0,18:58,0.3"
748,"19,1,01:41,3.0,07:17,0.2,14:04,2.9,19:49,0.4"
749,"20,1,02:23,2.8,08:06,0.4,14:58,2.8,20:39,0.5"
750,"21,1,03:13,2.6,09:00,0.6,15:53,2.7,21:38,0.6"
751,"22,1,04:11,2.5,10:00,0.7,16:53,2.6,22:43,0.6"
752,"23,1,05:26,2.5,11:04,0.8,17:58,2.6,23:49,0.6"
753,"24,1,06:39,2.5,12:09,0.7,18:58,2.7"
754,"25,1,00:45,0.5,07:32,2.7,13:04,0.6,19:49,2.8"
755,"26,1,01:30,0.4,08:09,2.8,13:51,0.5,20:24,2.9"
756,"27,1,02:08,0.3,08:56,2.8,14:19,0.4,21:00,3.0"
757,"28,1,02:53,0.2,09:28,2.9,14:58,0.3,21:45,3.1"
758,"29,1,03:19,0.1,10:02,2.9,15:39,0.3,22:13,3.2"
759,"30,1,03:58,0.0,10:47,3.0,16:08,0.2,22:58,3.3"
760,"31,1,04:41,0.0,11:19,3.0,16:54,0.1,23:50,3.3"
761,"01,2,05:17,-0.1,12:04,3.1,17:43,0.0"
762,"02,2,00:32,3.2,06:02,-0.1,12:58,3.2,18:32,0.0"
763,"03,2,01:17,3.2,06:58,0.0,13:54,3.1,19:19,0.1"
764,"04,2,02:11,3.0,07:54,0.2,14:49,3.0,20:17,0.2"
765,"05,2,03:17,2.9,08:54,0.5,15:51,2.9,21:30,0.3"
766,"06,2,04:39,2.7,10:13,0.6,17:02,2.8,23:00,0.3"
767,"07,2,05:56,2.7,11:41,0.6,18:13,2.8"
768,"08,2,00:06,0.3,07:00,2.8,12:43,0.6,19:11,2.9"
769,"09,2,01:02,0.2,07:56,2.9,13:26,0.5,20:04,3.0"
770,"10,2,01:58,0.1,08:45,2.9,14:06,0.4,20:58,3.1"
771,"11,2,02:43,0.1,09:17,3.0,14:58,0.3,21:45,3.1"
772,"12,2,03:11,0.0,10:00,3.0,15:41,0.2,22:13,3.2"
773,"13,2,03:58,0.0,10:47,3.0,16:09,0.2,23:00,3.2"
774,"14,2,04:43,0.0,11:17,3.0,16:58,0.1,23:43,3.2"
775,"15,2,05:13,0.0,12:00,3.1,17:39,0.2"
776,"16,2,00:15,3.1,05:58,0.1,12:49,3.0,18:13,0.2"
777,"17,2,01:00,3.0,06:41,0.3,13:26,2.9,19:00,0.3"
778,"18,2,01:51,2.8,07:15,0.4,14:06,2.8,19:49,0.5"
779,"19,2,02:38,2.6,08:02,0.6,14:58,2.6,20:41,0.6"
780,"20,2,03:30,2.4,08:58,0.8,15:53,2.5,21:51,0.7"
781,"21,2,04:41,2.3,10:08,0.9,17:00,2.4,23:02,0.7"
782,"22,2,06:00,2.4,11:28,0.9,18:17,2.5"
783,"23,2,00:06,0.6,07:00,2.5,12:32,0.8,19:09,2.7"
784,"24,2,01:00,0.4,07:51,2.7,13:13,0.6,19:58,2.9"
785,"25,2,01:49,0.3,08:23,2.8,13:58,0.4,20:41,3.0"
786,"26,2,02:15,0.2,09:00,2.9,14:39,0.3,21:09,3.2"
787,"27,2,02:58,0.1,09:43,3.0,15:06,0.1,21:58,3.3"
788,"28,2,03:38,0.0,10:11,3.1,15:53,0.0,22:43,3.3"
789,"01,3,04:08,-0.1,11:00,3.2,16:38,-0.1,23:17,3.3"
790,"02,3,04:56,-0.2,11:51,3.2,17:15,-0.1"
791,"03,3,00:04,3.3,05:49,-0.1,12:38,3.2,18:02,-0.1"
792,"04,3,01:00,3.2,06:38,0.1,13:21,3.1,18:58,0.0"
793,"05,3,01:58,3.0,07:23,0.4,14:15,2.9,19:58,0.2"
794,"06,3,03:02,2.8,08:21,0.6,15:26,2.7,21:11,0.4"
795,"07,3,04:24,2.6,09:51,0.8,16:54,2.6,22:54,0.4"
796,"08,3,05:51,2.7,11:32,0.8,18:04,2.7"
797,"09,3,00:00,0.3,06:54,2.8,12:26,0.6,19:04,2.8"
798,"10,3,00:58,0.2,07:47,2.9,13:11,0.5,20:00,3.0"
799,"11,3,01:47,0.2,08:24,2.9,14:00,0.4,20:51,3.0"
800,"12,3,02:17,0.2,09:04,3.0,14:45,0.3,21:21,3.1"
801,"13,3,03:00,0.1,09:51,3.0,15:09,0.2,22:00,3.1"
802,"14,3,03:38,0.1,10:13,3.0,15:54,0.1,22:39,3.1"
803,"15,3,04:06,0.1,10:56,3.0,16:28,0.1,23:06,3.1"
804,"16,3,04:51,0.1,11:34,3.0,17:02,0.1,23:53,3.0"
805,"17,3,05:21,0.2,12:06,3.0,17:45,0.2"
806,"18,3,00:28,2.9,05:58,0.3,12:51,2.9,18:17,0.3"
807,"19,3,01:06,2.8,06:38,0.5,13:24,2.8,19:02,0.4"
808,"20,3,01:58,2.6,07:15,0.6,14:04,2.6,19:56,0.6"
809,"21,3,02:51,2.4,08:06,0.8,14:58,2.5,20:56,0.7"
810,"22,3,03:54,2.3,09:15,1.0,16:02,2.4,22:13,0.7"
811,"23,3,05:11,2.3,10:49,1.0,17:21,2.4,23:28,0.6"
812,"24,3,06:19,2.5,11:56,0.8,18:34,2.6"
813,"25,3,00:21,0.5,07:06,2.7,12:51,0.6,19:21,2.8"
814,"26,3,01:04,0.3,07:54,2.9,13:26,0.4,20:04,3.0"
815,"27,3,01:53,0.1,08:32,3.0,14:02,0.1,20:54,3.2"
816,"28,3,02:28,0.0,09:04,3.1,14:51,-0.1,21:36,3.3"
817,"29,3,03:02,-0.1,09:56,3.2,15:32,-0.2,22:09,3.4"
818,"30,3,03:53,-0.2,10:41,3.3,16:06,-0.2,23:00,3.4"
819,"31,3,04:41,-0.1,11:19,3.2,16:58,-0.3,23:55,3.3"
820,"01,4,05:21,0.0,12:06,3.2,17:53,-0.2"
821,"02,4,00:47,3.1,06:06,0.2,13:02,3.1,18:47,0.0"
822,"03,4,01:43,2.9,07:02,0.4,14:00,2.9,19:47,0.2"
823,"04,4,02:53,2.7,08:06,0.7,15:08,2.7,21:04,0.4"
824,"05,4,04:06,2.6,09:49,0.8,16:38,2.6,22:38,0.4"
825,"06,4,05:23,2.7,11:04,0.7,17:54,2.7,23:43,0.4"
826,"07,4,06:28,2.8,12:04,0.6,18:56,2.8"
827,"08,4,00:34,0.3,07:19,2.9,13:00,0.4,19:51,2.9"
828,"09,4,01:13,0.3,08:06,3.0,13:47,0.3,20:28,3.0"
829,"10,4,02:00,0.2,08:54,3.0,14:13,0.3,21:04,3.0"
830,"11,4,02:39,0.2,09:19,3.0,14:56,0.2,21:47,3.0"
831,"12,4,03:04,0.2,09:56,3.0,15:26,0.2,22:08,3.0"
832,"13,4,03:47,0.2,10:26,3.0,16:00,0.1,22:49,3.0"
833,"14,4,04:13,0.2,11:00,3.0,16:38,0.2,23:19,2.9"
834,"15,4,04:54,0.3,11:41,2.9,17:09,0.2"
835,"16,4,00:00,2.9,05:24,0.4,12:09,2.9,17:56,0.3"
836,"17,4,00:47,2.7,06:02,0.5,12:54,2.8,18:38,0.4"
837,"18,4,01:24,2.6,06:53,0.6,13:39,2.7,19:19,0.5"
838,"19,4,02:09,2.5,07:43,0.8,14:24,2.5,20:17,0.6"
839,"20,4,03:06,2.5,08:49,0.9,15:26,2.5,21:32,0.6"
840,"21,4,04:15,2.5,10:06,0.9,16:41,2.5,22:49,0.6"
841,"22,4,05:26,2.6,11:13,0.7,17:53,2.6,23:49,0.4"
842,"23,4,06:24,2.8,12:06,0.4,18:53,2.9"
843,"24,4,00:38,0.3,07:09,3.0,12:58,0.2,19:43,3.1"
844,"25,4,01:13,0.1,08:00,3.1,13:47,0.0,20:21,3.2"
845,"26,4,02:00,0.0,08:51,3.2,14:23,-0.1,21:04,3.3"
846,"27,4,02:49,-0.1,09:30,3.3,15:02,-0.3,21:58,3.4"
847,"28,4,03:34,0.0,10:09,3.3,15:54,-0.3,22:49,3.3"
848,"29,4,04:11,0.0,11:00,3.3,16:47,-0.3,23:36,3.2"
849,"30,4,05:00,0.1,11:56,3.2,17:38,-0.1"
850,"01,5,00:23,3.0,05:58,0.3,12:53,3.1,18:26,0.0"
851,"02,5,01:21,2.9,06:58,0.5,13:51,2.9,19:26,0.2"
852,"03,5,02:30,2.8,08:02,0.6,14:56,2.7,20:43,0.3"
853,"04,5,03:45,2.7,09:26,0.7,16:04,2.6,22:00,0.4"
854,"05,5,04:56,2.8,10:43,0.6,17:19,2.6,23:02,0.4"
855,"06,5,06:00,2.8,11:41,0.5,18:26,2.7"
856,"07,5,00:00,0.3,06:58,2.9,12:28,0.4,19:19,2.8"
857,"08,5,00:54,0.3,07:49,3.0,13:11,0.3,20:04,2.9"
858,"09,5,01:34,0.3,08:21,3.0,13:58,0.2,20:53,3.0"
859,"10,5,02:06,0.3,09:00,3.0,14:36,0.2,21:17,2.9"
860,"11,5,02:49,0.3,09:34,3.0,15:02,0.2,21:54,2.9"
861,"12,5,03:17,0.3,10:02,3.0,15:41,0.2,22:23,2.9"
862,"13,5,03:56,0.4,10:41,2.9,16:09,0.2,23:00,2.9"
863,"14,5,04:26,0.4,11:08,2.9,16:56,0.2,23:45,2.8"
864,"15,5,05:02,0.5,11:53,2.9,17:34,0.3"
865,"16,5,00:15,2.7,05:47,0.5,12:28,2.8,18:08,0.3"
866,"17,5,01:00,2.7,06:30,0.6,13:08,2.7,18:58,0.4"
867,"18,5,01:53,2.7,07:19,0.7,14:00,2.7,19:53,0.4"
868,"19,5,02:45,2.7,08:21,0.7,15:00,2.6,20:56,0.5"
869,"20,5,03:43,2.7,09:36,0.7,16:04,2.7,22:02,0.5"
870,"21,5,04:47,2.8,10:45,0.5,17:11,2.7,23:04,0.4"
871,"22,5,05:49,2.9,11:45,0.3,18:13,2.9"
872,"23,5,00:00,0.3,06:45,3.0,12:36,0.1,19:06,3.1"
873,"24,5,00:53,0.2,07:38,3.2,13:13,0.0,20:00,3.2"
874,"25,5,01:43,0.1,08:17,3.2,14:00,-0.2,20:54,3.2"
875,"26,5,02:24,0.1,09:04,3.3,14:53,-0.3,21:43,3.2"
876,"27,5,03:06,0.1,09:58,3.3,15:43,-0.2,22:23,3.2"
877,"28,5,03:58,0.1,10:51,3.2,16:26,-0.2,23:11,3.1"
878,"29,5,04:54,0.2,11:41,3.2,17:13,-0.1"
879,"30,5,00:06,3.1,05:51,0.3,12:32,3.1,18:08,0.0"
880,"31,5,01:04,3.0,06:47,0.4,13:24,3.0,19:08,0.1"
881,"01,6,02:04,2.9,07:49,0.5,14:26,2.8,20:13,0.2"
882,"02,6,03:04,2.9,08:56,0.6,15:34,2.7,21:21,0.3"
883,"03,6,04:08,2.8,10:00,0.5,16:45,2.6,22:21,0.4"
884,"04,6,05:15,2.8,11:00,0.5,17:56,2.6,23:17,0.5"
885,"05,6,06:17,2.9,11:58,0.4,18:56,2.7"
886,"06,6,00:09,0.5,07:08,2.9,12:53,0.3,19:49,2.8"
887,"07,6,01:00,0.5,07:56,3.0,13:36,0.3,20:23,2.8"
888,"08,6,01:49,0.5,08:38,3.0,14:09,0.2,21:00,2.9"
889,"09,6,02:23,0.5,09:06,3.0,14:49,0.2,21:34,2.9"
890,"10,6,03:00,0.5,09:49,2.9,15:19,0.2,22:04,2.8"
891,"11,6,03:38,0.5,10:13,2.9,16:00,0.2,22:51,2.8"
892,"12,6,04:06,0.5,10:54,2.9,16:38,0.3,23:17,2.8"
893,"13,6,04:49,0.5,11:28,2.9,17:06,0.3,23:58,2.8"
894,"14,6,05:24,0.5,12:04,2.9,17:53,0.2"
895,"15,6,00:43,2.8,06:04,0.5,12:54,2.9,18:38,0.3"
896,"16,6,01:19,2.8,06:58,0.5,13:47,2.8,19:23,0.3"
897,"17,6,02:08,2.9,07:56,0.5,14:39,2.8,20:17,0.3"
898,"18,6,03:06,2.9,09:00,0.5,15:39,2.8,21:21,0.4"
899,"19,6,04:06,2.9,10:04,0.4,16:45,2.8,22:28,0.4"
900,"20,6,05:09,3.0,11:08,0.2,17:53,2.9,23:36,0.4"
901,"21,6,06:09,3.0,12:02,0.1,18:54,3.0"
902,"22,6,00:32,0.3,07:06,3.1,12:58,0.0,19:51,3.0"
903,"23,6,01:17,0.3,08:00,3.2,13:53,-0.1,20:39,3.1"
904,"24,6,02:04,0.3,08:56,3.2,14:41,-0.1,21:19,3.1"
905,"25,6,02:58,0.2,09:49,3.2,15:21,-0.1,22:06,3.1"
906,"26,6,03:53,0.2,10:34,3.1,16:06,-0.1,23:00,3.1"
907,"27,6,04:41,0.3,11:15,3.1,17:00,-0.1,23:56,3.1"
908,"28,6,05:24,0.3,12:06,3.1,17:58,-0.1"
909,"29,6,00:49,3.0,06:15,0.3,13:02,3.0,18:53,0.1"
910,"30,6,01:39,3.0,07:11,0.4,14:00,2.9,19:47,0.2"
911,"01,7,02:26,2.9,08:11,0.4,14:56,2.8,20:39,0.3"
912,"02,7,03:19,2.9,09:13,0.5,15:56,2.6,21:36,0.5"
913,"03,7,04:17,2.8,10:15,0.5,17:06,2.5,22:34,0.6"
914,"04,7,05:28,2.7,11:17,0.5,18:21,2.5,23:34,0.7"
915,"05,7,06:38,2.8,12:17,0.4,19:11,2.6"
916,"06,7,00:34,0.7,07:24,2.8,13:06,0.4,19:58,2.7"
917,"07,7,01:23,0.6,08:04,2.9,13:53,0.3,20:39,2.8"
918,"08,7,02:04,0.6,08:51,2.9,14:28,0.3,21:08,2.8"
919,"09,7,02:47,0.6,09:19,2.9,15:04,0.2,21:54,2.8"
920,"10,7,03:13,0.6,09:58,2.9,15:45,0.3,22:21,2.8"
921,"11,7,03:54,0.5,10:32,2.9,16:09,0.2,23:00,2.8"
922,"12,7,04:23,0.5,11:02,2.9,16:53,0.2,23:38,2.8"
923,"13,7,05:00,0.4,11:51,3.0,17:26,0.2"
924,"14,7,00:08,2.9,05:51,0.4,12:30,3.0,18:04,0.1"
925,"15,7,00:58,3.0,06:38,0.3,13:11,2.9,18:58,0.2"
926,"16,7,01:53,3.0,07:23,0.3,14:06,2.9,19:53,0.3"
927,"17,7,02:43,3.0,08:17,0.3,15:06,2.8,20:51,0.4"
928,"18,7,03:39,3.0,09:24,0.3,16:13,2.8,21:54,0.5"
929,"19,7,04:45,2.9,10:41,0.3,17:32,2.7,23:08,0.6"
930,"20,7,05:54,2.9,11:53,0.2,18:41,2.8"
931,"21,7,00:09,0.6,06:56,3.0,12:51,0.1,19:38,2.9"
932,"22,7,01:04,0.5,07:54,3.0,13:43,0.0,20:21,2.9"
933,"23,7,01:58,0.4,08:49,3.1,14:23,0.0,21:08,3.0"
934,"24,7,02:53,0.4,09:30,3.1,15:06,-0.1,22:00,3.0"
935,"25,7,03:36,0.3,10:09,3.1,15:58,-0.1,22:51,3.0"
936,"26,7,04:11,0.3,11:00,3.1,16:51,0.0,23:30,3.0"
937,"27,7,05:02,0.3,11:54,3.1,17:32,0.0"
938,"28,7,00:11,3.0,05:58,0.3,12:41,3.0,18:11,0.1"
939,"29,7,01:02,3.0,06:49,0.3,13:21,2.9,19:02,0.2"
940,"30,7,01:54,3.0,07:38,0.4,14:08,2.7,19:56,0.4"
941,"31,7,02:43,2.9,08:26,0.5,15:02,2.6,20:47,0.6"
942,"01,8,03:26,2.7,09:23,0.6,16:04,2.4,21:43,0.8"
943,"02,8,04:26,2.6,10:28,0.6,17:32,2.3,22:51,0.9"
944,"03,8,05:47,2.5,11:39,0.6,18:45,2.4"
945,"04,8,00:02,0.9,06:54,2.6,12:41,0.5,19:32,2.6"
946,"05,8,01:00,0.8,07:45,2.7,13:26,0.4,20:06,2.7"
947,"06,8,01:47,0.7,08:17,2.8,14:04,0.3,20:53,2.8"
948,"07,8,02:19,0.6,08:58,2.9,14:47,0.3,21:19,2.8"
949,"08,8,02:56,0.5,09:32,2.9,15:11,0.2,21:58,2.8"
950,"09,8,03:24,0.5,10:02,3.0,15:53,0.2,22:30,2.8"
951,"10,8,04:00,0.4,10:49,3.0,16:19,0.1,23:02,2.9"
952,"11,8,04:43,0.3,11:17,3.0,16:58,0.1,23:53,3.0"
953,"12,8,05:17,0.2,12:02,3.1,17:47,0.1"
954,"13,8,00:32,3.0,06:02,0.2,12:56,3.0,18:32,0.1"
955,"14,8,01:13,3.1,06:56,0.2,13:51,2.9,19:15,0.3"
956,"15,8,02:06,3.0,07:54,0.2,14:49,2.8,20:09,0.5"
957,"16,8,03:06,2.9,08:58,0.3,15:58,2.6,21:19,0.7"
958,"17,8,04:17,2.8,10:28,0.4,17:15,2.6,22:54,0.8"
959,"18,8,05:43,2.7,11:47,0.3,18:26,2.7"
960,"19,8,00:02,0.7,06:53,2.8,12:45,0.2,19:23,2.8"
961,"20,8,01:00,0.6,07:49,2.9,13:26,0.1,20:09,2.9"
962,"21,8,01:56,0.5,08:36,2.9,14:08,0.0,21:00,3.0"
963,"22,8,02:38,0.4,09:11,3.0,14:58,0.0,21:51,2.9"
964,"23,8,03:09,0.3,10:00,3.0,15:43,0.0,22:21,3.0"
965,"24,8,03:58,0.3,10:47,3.0,16:13,0.1,23:02,3.0"
966,"25,8,04:47,0.3,11:19,3.0,17:00,0.1,23:51,3.0"
967,"26,8,05:21,0.3,12:02,2.9,17:47,0.2"
968,"27,8,00:26,3.0,06:02,0.3,12:51,2.8,18:23,0.3"
969,"28,8,01:06,2.9,06:53,0.4,13:34,2.7,19:02,0.5"
970,"29,8,01:56,2.8,07:38,0.5,14:13,2.5,19:53,0.7"
971,"30,8,02:43,2.7,08:28,0.6,15:08,2.3,20:45,0.9"
972,"31,8,03:26,2.5,09:34,0.7,16:21,2.2,21:54,1.1"
973,"01,9,04:32,2.4,10:54,0.7,17:58,2.3,23:23,1.1"
974,"02,9,06:09,2.4,12:02,0.6,18:56,2.5"
975,"03,9,00:28,0.9,07:02,2.6,12:54,0.5,19:43,2.6"
976,"04,9,01:11,0.8,07:51,2.7,13:36,0.3,20:11,2.7"
977,"05,9,01:53,0.6,08:21,2.8,14:06,0.2,20:56,2.8"
978,"06,9,02:21,0.5,09:00,3.0,14:49,0.2,21:19,2.9"
979,"07,9,02:58,0.3,09:43,3.0,15:11,0.1,22:00,3.0"
980,"08,9,03:39,0.2,10:09,3.1,15:54,0.0,22:43,3.0"
981,"09,9,04:08,0.1,10:58,3.2,16:38,0.0,23:13,3.1"
982,"10,9,04:54,0.0,11:47,3.1,17:13,0.0"
983,"11,9,00:02,3.2,05:47,0.0,12:32,3.0,18:00,0.1"
984,"12,9,00:56,3.1,06:36,0.1,13:19,2.9,18:56,0.3"
985,"13,9,01:51,3.0,07:24,0.2,14:21,2.7,19:54,0.6"
986,"14,9,02:51,2.8,08:32,0.4,15:45,2.6,21:08,0.8"
987,"15,9,04:02,2.7,10:21,0.4,17:04,2.6,22:56,0.8"
988,"16,9,05:28,2.7,11:32,0.3,18:11,2.7"
989,"17,9,00:00,0.7,06:41,2.7,12:23,0.2,19:09,2.8"
990,"18,9,00:56,0.6,07:34,2.9,13:09,0.1,20:02,3.0"
991,"19,9,01:41,0.5,08:15,2.9,14:00,0.1,20:54,3.0"
992,"20,9,02:11,0.4,09:02,3.0,14:43,0.1,21:23,3.0"
993,"21,9,02:58,0.3,09:49,3.0,15:09,0.1,22:00,3.0"
994,"22,9,03:39,0.3,10:13,2.9,15:54,0.1,22:41,3.0"
995,"23,9,04:08,0.2,10:56,2.9,16:32,0.2,23:08,3.0"
996,"24,9,04:53,0.2,11:34,2.9,17:04,0.3,23:56,3.0"
997,"25,9,05:32,0.3,12:08,2.8,17:47,0.4"
998,"26,9,00:36,2.9,06:08,0.4,12:58,2.7,18:21,0.6"
999,"27,9,01:08,2.8,06:58,0.5,13:47,2.5,19:02,0.7"
1000,"28,9,01:56,2.7,07:51,0.6,14:38,2.4,19:56,0.9"
1001,"29,9,02:47,2.5,08:53,0.7,15:38,2.3,21:02,1.1"
1002,"30,9,03:45,2.4,10:04,0.7,17:00,2.3,22:30,1.1"
1003,"01,10,05:00,2.4,11:13,0.6,18:06,2.4,23:45,0.9"
1004,"02,10,06:11,2.5,12:08,0.5,18:58,2.6"
1005,"03,10,00:32,0.7,07:02,2.7,12:58,0.3,19:39,2.8"
1006,"04,10,01:08,0.5,07:53,2.9,13:38,0.2,20:08,2.9"
1007,"05,10,01:56,0.3,08:28,3.0,14:06,0.1,20:54,3.1"
1008,"06,10,02:34,0.2,09:04,3.2,14:53,0.0,21:30,3.1"
1009,"07,10,03:02,0.0,09:54,3.2,15:28,0.0,22:06,3.2"
1010,"08,10,03:51,-0.1,10:38,3.2,16:04,0.0,22:58,3.3"
1011,"09,10,04:38,-0.1,11:15,3.1,16:56,0.0,23:49,3.2"
1012,"10,10,05:19,-0.1,12:06,3.0,17:49,0.2"
1013,"11,10,00:38,3.1,06:08,0.0,13:04,2.9,18:41,0.4"
1014,"12,10,01:26,3.0,07:06,0.2,14:08,2.7,19:39,0.7"
1015,"13,10,02:36,2.8,08:19,0.3,15:26,2.6,21:08,0.8"
1016,"14,10,03:54,2.7,09:58,0.4,16:53,2.6,22:41,0.8"
1017,"15,10,05:06,2.7,11:04,0.3,17:58,2.8,23:43,0.6"
1018,"16,10,06:13,2.8,12:02,0.2,18:58,2.9"
1019,"17,10,00:32,0.5,07:09,2.9,12:58,0.1,19:51,3.0"
1020,"18,10,01:11,0.4,08:02,3.0,13:41,0.2,20:24,3.0"
1021,"19,10,02:00,0.3,08:53,3.0,14:09,0.2,21:02,3.0"
1022,"20,10,02:41,0.3,09:17,2.9,14:54,0.2,21:41,3.0"
1023,"21,10,03:08,0.2,09:56,2.9,15:24,0.2,22:04,3.0"
1024,"22,10,03:51,0.2,10:24,2.9,16:00,0.2,22:49,3.0"
1025,"23,10,04:21,0.2,11:00,2.9,16:39,0.3,23:19,3.0"
1026,"24,10,05:00,0.3,11:49,2.8,17:09,0.4"
1027,"25,10,00:00,2.9,05:45,0.3,12:24,2.7,17:53,0.6"
1028,"26,10,00:43,2.8,06:24,0.4,13:08,2.6,18:36,0.7"
1029,"27,10,01:19,2.7,07:09,0.5,14:00,2.5,19:24,0.9"
1030,"28,10,02:06,2.6,08:08,0.6,14:58,2.4,20:28,1.0"
1031,"29,10,03:02,2.5,09:17,0.6,16:00,2.4,21:51,1.0"
1032,"30,10,04:09,2.5,10:30,0.6,17:06,2.5,22:58,0.8"
1033,"31,10,05:21,2.6,11:26,0.4,18:02,2.7,23:57,0.6"
1034,"01,11,06:21,2.8,12:11,0.3,18:54,2.9"
1035,"02,11,00:45,0.3,07:08,3.0,12:58,0.1,19:41,3.1"
1036,"03,11,01:21,0.2,07:58,3.2,13:47,0.0,20:15,3.2"
1037,"04,11,02:00,0.0,08:49,3.3,14:21,0.0,21:00,3.3"
1038,"05,11,02:49,-0.1,09:26,3.3,15:00,-0.1,21:53,3.4"
1039,"06,11,03:32,-0.2,10:08,3.2,15:53,-0.1,22:39,3.3"
1040,"07,11,04:09,-0.2,11:00,3.2,16:41,0.1,23:21,3.3"
1041,"08,11,05:00,-0.1,11:58,3.1,17:28,0.2"
1042,"09,11,00:11,3.2,05:58,0.0,12:56,2.9,18:19,0.4"
1043,"10,11,01:09,3.0,07:00,0.1,13:58,2.8,19:21,0.6"
1044,"11,11,02:13,2.9,08:08,0.2,15:02,2.8,20:47,0.7"
1045,"12,11,03:24,2.8,09:32,0.3,16:11,2.8,22:04,0.6"
1046,"13,11,04:43,2.7,10:39,0.3,17:23,2.8,23:04,0.5"
1047,"14,11,05:54,2.8,11:38,0.3,18:24,2.9"
1048,"15,11,00:02,0.4,06:56,2.9,12:24,0.3,19:13,3.0"
1049,"16,11,00:58,0.3,07:49,2.9,13:08,0.2,20:00,3.1"
1050,"17,11,01:43,0.2,08:23,2.9,13:54,0.2,20:45,3.1"
1051,"18,11,02:13,0.2,09:00,2.9,14:30,0.3,21:08,3.1"
1052,"19,11,02:54,0.2,09:36,2.9,15:00,0.3,21:51,3.1"
1053,"20,11,03:26,0.2,10:02,2.9,15:41,0.3,22:19,3.0"
1054,"21,11,04:00,0.2,10:47,2.8,16:09,0.4,22:58,3.0"
1055,"22,11,04:43,0.2,11:19,2.8,16:51,0.4,23:38,3.0"
1056,"23,11,05:17,0.3,12:02,2.7,17:26,0.5"
1057,"24,11,00:09,2.9,06:00,0.3,12:51,2.7,18:06,0.6"
1058,"25,11,00:58,2.9,06:49,0.4,13:34,2.6,18:58,0.7"
1059,"26,11,01:49,2.8,07:38,0.4,14:17,2.6,19:58,0.7"
1060,"27,11,02:41,2.7,08:34,0.5,15:11,2.6,21:02,0.7"
1061,"28,11,03:39,2.7,09:38,0.5,16:13,2.7,22:11,0.6"
1062,"29,11,04:45,2.8,10:43,0.4,17:13,2.8,23:11,0.4"
1063,"30,11,05:49,2.9,11:41,0.3,18:09,3.0"
1064,"01,12,00:04,0.2,06:47,3.0,12:30,0.2,19:02,3.2"
1065,"02,12,00:56,0.0,07:38,3.2,13:09,0.1,19:56,3.3"
1066,"03,12,01:47,-0.1,08:17,3.2,13:58,0.0,20:49,3.4"
1067,"04,12,02:26,-0.2,09:04,3.3,14:51,0.0,21:32,3.4"
1068,"05,12,03:06,-0.2,09:58,3.2,15:38,0.0,22:11,3.4"
1069,"06,12,04:00,-0.2,10:53,3.2,16:19,0.1,23:04,3.3"
1070,"07,12,04:54,-0.2,11:47,3.1,17:06,0.2"
1071,"08,12,00:00,3.3,05:51,-0.1,12:39,3.0,18:04,0.3"
1072,"09,12,00:58,3.2,06:49,0.0,13:38,2.9,19:06,0.4"
1073,"10,12,01:58,3.0,07:49,0.1,14:36,2.9,20:13,0.5"
1074,"11,12,02:58,2.9,08:54,0.2,15:38,2.8,21:24,0.5"
1075,"12,12,04:02,2.8,09:56,0.3,16:41,2.8,22:32,0.5"
1076,"13,12,05:11,2.7,10:56,0.4,17:51,2.9,23:34,0.4"
1077,"14,12,06:21,2.7,11:54,0.4,18:51,2.9"
1078,"15,12,00:28,0.4,07:13,2.8,12:49,0.4,19:39,3.0"
1079,"16,12,01:13,0.3,08:00,2.9,13:34,0.4,20:11,3.0"
1080,"17,12,01:58,0.2,08:47,2.9,14:08,0.4,20:56,3.1"
1081,"18,12,02:39,0.2,09:09,2.9,14:51,0.4,21:28,3.1"
1082,"19,12,03:08,0.2,09:54,2.9,15:23,0.4,22:00,3.1"
1083,"20,12,03:51,0.2,10:24,2.8,15:56,0.4,22:41,3.1"
1084,"21,12,04:21,0.2,11:02,2.8,16:32,0.4,23:08,3.0"
1085,"22,12,05:00,0.2,11:47,2.8,17:02,0.4,23:56,3.0"
1086,"23,12,05:41,0.2,12:15,2.8,17:51,0.4"
1087,"24,12,00:38,3.0,06:11,0.2,13:00,2.8,18:38,0.5"
1088,"25,12,01:13,2.9,07:00,0.2,13:53,2.8,19:23,0.5"
1089,"26,12,02:04,2.9,07:54,0.3,14:43,2.8,20:15,0.5"
1090,"27,12,03:02,2.9,08:51,0.4,15:39,2.9,21:21,0.5"
1091,"28,12,04:04,2.8,09:53,0.4,16:39,2.9,22:34,0.4"
1092,"29,12,05:09,2.9,10:56,0.4,17:45,3.0,23:41,0.2"
1093,"30,12,06:13,3.0,11:58,0.3,18:45,3.1"
1094,"31,12,00:38,0.1,07:08,3.1,12:54,0.2,19:39,3.2"
1095,"01,1,03:06,0.6,08:43,4.5,15:15,0.9,20:34,4.8"
1096,"02,1,03:53,0.6,09:24,4.4,15:58,1.0,21:21,4.7"
1097,"03,1,04:34,0.8,10:08,4.3,16:47,1.1,22:11,4.5"
1098,"04,1,05:13,0.9,10:56,4.3,17:32,1.2,23:09,4.4"
1099,"05,1,06:00,1.0,11:53,4.2,18:24,1.2"
1100,"06,1,00:11,4.3,06:54,1.1,12:53,4.3,19:24,1.2"
1101,"07,1,01:17,4.2,07:54,1.2,13:56,4.3,20:34,1.2"
1102,"08,1,02:30,4.2,09:00,1.2,15:02,4.4,21:45,1.0"
1103,"09,1,03:45,4.3,10:11,1.2,16:11,4.6,22:54,0.8"
1104,"10,1,04:56,4.4,11:21,1.0,17:17,4.8"
1105,"11,1,00:00,0.6,06:00,4.6,12:23,0.8,18:15,5.0"
1106,"12,1,00:58,0.3,06:58,4.8,13:17,0.7,19:08,5.1"
1107,"13,1,01:53,0.2,07:49,4.9,14:04,0.5,19:56,5.1"
1108,"14,1,02:38,0.1,08:30,4.9,14:51,0.5,20:38,5.1"
1109,"15,1,03:13,0.2,09:04,4.8,15:26,0.7,21:11,4.9"
1110,"16,1,03:51,0.4,09:38,4.7,15:58,0.8,21:41,4.7"
1111,"17,1,04:17,0.6,10:02,4.5,16:28,1.0,22:11,4.5"
1112,"18,1,04:47,0.8,10:32,4.3,16:56,1.2,22:47,4.3"
1113,"19,1,05:13,1.1,11:06,4.2,17:34,1.4,23:34,4.1"
1114,"20,1,05:53,1.3,11:54,4.0,18:21,1.6"
1115,"21,1,00:34,3.8,06:45,1.5,12:54,3.9,19:28,1.7"
1116,"22,1,01:45,3.7,07:51,1.7,14:04,3.9,20:47,1.6"
1117,"23,1,03:00,3.8,09:02,1.7,15:11,4.0,21:56,1.4"
1118,"24,1,04:06,3.9,10:08,1.5,16:08,4.2,22:54,1.2"
1119,"25,1,04:58,4.1,11:02,1.3,16:54,4.4,23:47,1.0"
1120,"26,1,05:43,4.3,11:53,1.1,17:38,4.6"
1121,"27,1,00:38,0.8,06:26,4.5,12:43,0.9,18:21,4.8"
1122,"28,1,01:24,0.6,07:08,4.6,13:34,0.8,19:04,4.9"
1123,"29,1,02:08,0.5,07:49,4.7,14:19,0.7,19:45,5.0"
1124,"30,1,02:56,0.4,08:34,4.8,15:02,0.6,20:32,5.0"
1125,"31,1,03:39,0.4,09:13,4.8,15:51,0.6,21:19,4.9"
1126,"01,2,04:15,0.5,09:53,4.7,16:34,0.7,22:02,4.8"
1127,"02,2,04:56,0.6,10:38,4.6,17:11,0.8,22:49,4.6"
1128,"03,2,05:38,0.8,11:21,4.5,17:58,1.0,23:43,4.4"
1129,"04,2,06:19,1.1,12:11,4.4,18:53,1.1"
1130,"05,2,00:43,4.2,07:11,1.3,13:11,4.3,19:56,1.2"
1131,"06,2,01:56,4.0,08:23,1.5,14:26,4.3,21:13,1.2"
1132,"07,2,03:23,4.0,09:49,1.5,15:49,4.3,22:41,1.1"
1133,"08,2,04:51,4.1,11:08,1.3,17:04,4.5,23:53,0.8"
1134,"09,2,05:58,4.4,12:13,1.0,18:08,4.8"
1135,"10,2,00:53,0.5,06:53,4.7,13:06,0.7,19:00,5.0"
1136,"11,2,01:41,0.3,07:38,4.9,13:54,0.5,19:47,5.1"
1137,"12,2,02:17,0.2,08:11,4.9,14:34,0.5,20:21,5.1"
1138,"13,2,02:54,0.2,08:47,4.9,15:04,0.5,20:51,5.0"
1139,"14,2,03:23,0.4,09:09,4.8,15:38,0.7,21:19,4.8"
1140,"15,2,03:51,0.5,09:34,4.7,16:00,0.8,21:43,4.6"
1141,"16,2,04:13,0.7,09:54,4.6,16:30,1.0,22:15,4.4"
1142,"17,2,04:45,0.9,10:26,4.4,17:02,1.2,22:54,4.2"
1143,"18,2,05:17,1.2,11:06,4.2,17:47,1.4,23:47,3.9"
1144,"19,2,06:00,1.5,11:58,4.0,18:38,1.6"
1145,"20,2,00:51,3.7,06:58,1.7,13:02,3.9,19:41,1.7"
1146,"21,2,02:02,3.6,08:04,1.8,14:11,3.9,20:58,1.6"
1147,"22,2,03:17,3.7,09:19,1.7,15:21,4.1,22:13,1.4"
1148,"23,2,04:23,4.0,10:28,1.5,16:21,4.3,23:19,1.1"
1149,"24,2,05:17,4.2,11:28,1.2,17:13,4.6"
1150,"25,2,00:15,0.8,06:04,4.5,12:26,0.9,18:04,4.9"
1151,"26,2,01:04,0.5,06:51,4.8,13:17,0.6,18:53,5.1"
1152,"27,2,01:54,0.3,07:38,5.0,14:04,0.4,19:43,5.2"
1153,"28,2,02:41,0.2,08:19,5.1,14:54,0.2,20:32,5.2"
1154,"01,3,03:17,0.1,08:58,5.1,15:38,0.2,21:13,5.1"
1155,"02,3,03:58,0.2,09:39,5.1,16:13,0.3,21:53,4.9"
1156,"03,3,04:39,0.5,10:17,4.9,16:56,0.5,22:38,4.7"
1157,"04,3,05:11,0.7,10:54,4.7,17:39,0.7,23:23,4.4"
1158,"05,3,05:56,1.1,11:45,4.5,18:24,1.0"
1159,"06,3,00:19,4.1,06:47,1.4,12:45,4.2,19:26,1.3"
1160,"07,3,01:34,3.8,07:58,1.7,14:04,4.1,20:56,1.4"
1161,"08,3,03:17,3.8,09:41,1.7,15:41,4.1,22:36,1.2"
1162,"09,3,04:49,4.0,11:02,1.4,17:00,4.4,23:45,0.9"
1163,"10,3,05:51,4.4,12:02,1.0,18:00,4.7"
1164,"11,3,00:38,0.6,06:39,4.7,12:54,0.7,18:49,4.9"
1165,"12,3,01:17,0.4,07:15,4.9,13:36,0.5,19:30,5.0"
1166,"13,3,01:56,0.3,07:53,5.0,14:08,0.4,20:00,5.0"
1167,"14,3,02:30,0.3,08:21,5.0,14:45,0.4,20:34,5.0"
1168,"15,3,02:58,0.4,08:45,4.9,15:09,0.5,20:56,4.8"
1169,"16,3,03:23,0.5,09:06,4.8,15:41,0.6,21:26,4.7"
1170,"17,3,03:53,0.7,09:30,4.7,16:06,0.8,21:54,4.5"
1171,"18,3,04:19,0.9,09:54,4.5,16:43,1.0,22:30,4.2"
1172,"19,3,04:54,1.2,10:32,4.3,17:17,1.2,23:11,3.9"
1173,"20,3,05:36,1.5,11:17,4.1,18:02,1.5"
1174,"21,3,00:04,3.7,06:19,1.7,12:15,3.9,18:58,1.6"
1175,"22,3,01:13,3.6,07:23,1.8,13:30,3.8,20:08,1.6"
1176,"23,3,02:38,3.6,08:43,1.8,14:47,4.0,21:36,1.5"
1177,"24,3,03:53,3.9,10:02,1.5,15:54,4.3,22:53,1.1"
1178,"25,3,04:53,4.3,11:09,1.1,16:54,4.6,23:53,0.8"
1179,"26,3,05:45,4.6,12:06,0.7,17:51,4.9"
1180,"27,3,00:47,0.4,06:34,5.0,13:00,0.4,18:45,5.2"
1181,"28,3,01:36,0.2,07:19,5.2,13:51,0.1,19:36,5.3"
1182,"29,3,02:15,0.1,08:00,5.3,14:38,0.0,20:21,5.3"
1183,"30,3,03:00,0.0,08:43,5.4,15:17,-0.1,21:02,5.2"
1184,"31,3,03:43,0.2,09:21,5.3,15:58,0.0,21:47,5.0"
1185,"01,4,04:15,0.4,09:58,5.1,16:43,0.3,22:26,4.7"
1186,"02,4,04:58,0.7,10:41,4.8,17:19,0.6,23:09,4.4"
1187,"03,4,05:39,1.1,11:28,4.5,18:06,1.0"
1188,"04,4,00:04,4.1,06:28,1.5,12:30,4.2,19:08,1.3"
1189,"05,4,01:23,3.8,07:47,1.8,13:54,4.0,20:45,1.5"
1190,"06,4,03:09,3.8,09:36,1.7,15:32,4.1,22:15,1.3"
1191,"07,4,04:32,4.0,10:51,1.3,16:45,4.3,23:19,1.0"
1192,"08,4,05:28,4.4,11:45,1.0,17:41,4.6"
1193,"09,4,00:08,0.7,06:11,4.6,12:30,0.7,18:26,4.8"
1194,"10,4,00:53,0.6,06:53,4.8,13:06,0.5,19:04,4.9"
1195,"11,4,01:28,0.5,07:24,4.9,13:49,0.4,19:41,4.9"
1196,"12,4,02:00,0.5,07:54,5.0,14:17,0.4,20:09,4.9"
1197,"13,4,02:32,0.5,08:17,4.9,14:51,0.4,20:41,4.8"
1198,"14,4,02:58,0.6,08:41,4.8,15:19,0.5,21:06,4.6"
1199,"15,4,03:30,0.8,09:04,4.7,15:53,0.7,21:39,4.4"
1200,"16,4,03:58,1.0,09:32,4.5,16:23,0.9,22:08,4.2"
1201,"17,4,04:36,1.2,10:04,4.3,16:58,1.1,22:51,3.9"
1202,"18,4,05:08,1.5,10:47,4.1,17:43,1.3,23:41,3.7"
1203,"19,4,05:56,1.7,11:47,4.0,18:32,1.5"
1204,"20,4,00:47,3.6,06:56,1.8,12:58,3.9,19:39,1.6"
1205,"21,4,02:02,3.7,08:11,1.7,14:13,4.0,21:04,1.4"
1206,"22,4,03:19,4.0,09:38,1.4,15:28,4.3,22:21,1.1"
1207,"23,4,04:23,4.3,10:45,1.0,16:34,4.6,23:23,0.8"
1208,"24,4,05:17,4.7,11:45,0.6,17:34,4.9"
1209,"25,4,00:15,0.5,06:06,5.0,12:39,0.3,18:30,5.1"
1210,"26,4,01:04,0.3,06:54,5.3,13:30,0.0,19:19,5.3"
1211,"27,4,01:56,0.1,07:41,5.4,14:13,-0.1,20:04,5.3"
1212,"28,4,02:41,0.2,08:23,5.4,15:00,-0.2,20:53,5.2"
1213,"29,4,03:19,0.3,09:02,5.3,15:47,0.0,21:36,5.0"
1214,"30,4,04:00,0.5,09:47,5.1,16:24,0.2,22:15,4.7"
1215,"01,5,04:45,0.8,10:30,4.8,17:06,0.5,23:02,4.4"
1216,"02,5,05:24,1.1,11:17,4.5,17:56,0.9,23:58,4.1"
1217,"03,5,06:13,1.4,12:17,4.2,18:53,1.2"
1218,"04,5,01:08,3.9,07:28,1.7,13:34,4.0,20:13,1.4"
1219,"05,5,02:39,3.8,09:02,1.7,14:58,4.0,21:41,1.4"
1220,"06,5,03:54,4.0,10:15,1.4,16:08,4.2,22:45,1.2"
1221,"07,5,04:53,4.2,11:08,1.1,17:06,4.3,23:34,1.0"
1222,"08,5,05:39,4.5,11:58,0.9,17:56,4.5"
1223,"09,5,00:13,0.9,06:17,4.7,12:41,0.7,18:38,4.7"
1224,"10,5,00:54,0.8,06:53,4.8,13:15,0.5,19:11,4.7"
1225,"11,5,01:30,0.7,07:21,4.8,13:54,0.5,19:49,4.7"
1226,"12,5,02:00,0.7,07:49,4.8,14:26,0.5,20:17,4.6"
1227,"13,5,02:38,0.8,08:15,4.7,15:00,0.6,20:49,4.5"
1228,"14,5,03:04,0.9,08:41,4.6,15:34,0.7,21:17,4.4"
1229,"15,5,03:43,1.1,09:08,4.5,16:04,0.9,21:53,4.2"
1230,"16,5,04:13,1.2,09:41,4.4,16:47,1.0,22:30,4.0"
1231,"17,5,04:54,1.4,10:26,4.2,17:23,1.2,23:15,3.9"
1232,"18,5,05:41,1.6,11:23,4.1,18:09,1.3"
1233,"19,5,00:15,3.8,06:36,1.6,12:30,4.1,19:11,1.4"
1234,"20,5,01:26,3.9,07:47,1.6,13:43,4.1,20:26,1.3"
1235,"21,5,02:38,4.1,09:02,1.3,14:54,4.3,21:39,1.1"
1236,"22,5,03:41,4.4,10:09,1.0,16:00,4.5,22:43,0.9"
1237,"23,5,04:39,4.7,11:11,0.7,17:04,4.7,23:43,0.7"
1238,"24,5,05:34,5.0,12:09,0.4,18:04,4.9"
1239,"25,5,00:39,0.5,06:28,5.2,13:04,0.1,18:58,5.1"
1240,"26,5,01:32,0.4,07:15,5.3,13:58,0.0,19:53,5.1"
1241,"27,5,02:17,0.4,08:02,5.3,14:49,-0.1,20:39,5.1"
1242,"28,5,03:02,0.4,08:51,5.3,15:32,0.0,21:23,5.0"
1243,"29,5,03:51,0.5,09:36,5.1,16:11,0.2,22:06,4.8"
1244,"30,5,04:30,0.7,10:17,4.9,16:56,0.4,22:53,4.5"
1245,"31,5,05:08,1.0,11:04,4.6,17:39,0.8,23:40,4.3"
1246,"01,6,05:56,1.3,11:54,4.3,18:21,1.1"
1247,"02,6,00:32,4.0,06:49,1.5,12:54,4.1,19:19,1.4"
1248,"03,6,01:38,3.9,08:04,1.7,14:04,4.0,20:32,1.5"
1249,"04,6,02:49,3.9,09:23,1.6,15:13,4.0,21:43,1.5"
1250,"05,6,03:53,4.0,10:24,1.4,16:19,4.1,22:41,1.4"
1251,"06,6,04:47,4.2,11:15,1.1,17:13,4.2,23:30,1.2"
1252,"07,6,05:34,4.4,12:00,0.9,18:00,4.4"
1253,"08,6,00:11,1.1,06:09,4.5,12:47,0.8,18:43,4.5"
1254,"09,6,00:54,1.0,06:45,4.6,13:23,0.7,19:19,4.5"
1255,"10,6,01:32,1.0,07:15,4.6,14:00,0.7,19:53,4.5"
1256,"11,6,02:06,1.0,07:45,4.6,14:41,0.7,20:24,4.4"
1257,"12,6,02:47,1.0,08:15,4.6,15:11,0.7,20:56,4.4"
1258,"13,6,03:21,1.1,08:45,4.6,15:54,0.8,21:34,4.3"
1259,"14,6,03:58,1.1,09:24,4.5,16:30,0.9,22:11,4.2"
1260,"15,6,04:41,1.2,10:09,4.4,17:08,1.0,22:56,4.1"
1261,"16,6,05:23,1.3,11:02,4.3,17:56,1.0,23:51,4.1"
1262,"17,6,06:13,1.4,12:02,4.3,18:47,1.1"
1263,"18,6,00:49,4.2,07:13,1.3,13:08,4.3,19:45,1.2"
1264,"19,6,01:51,4.3,08:21,1.2,14:13,4.3,20:51,1.1"
1265,"20,6,02:51,4.4,09:30,1.0,15:23,4.4,21:56,1.1"
1266,"21,6,03:54,4.6,10:38,0.8,16:32,4.5,23:02,1.0"
1267,"22,6,04:56,4.8,11:43,0.6,17:41,4.6"
1268,"23,6,00:08,0.8,05:58,5.0,12:47,0.4,18:43,4.8"
1269,"24,6,01:08,0.7,06:56,5.1,13:45,0.2,19:39,4.9"
1270,"25,6,02:02,0.5,07:51,5.2,14:36,0.1,20:26,5.0"
1271,"26,6,02:53,0.5,08:39,5.2,15:17,0.0,21:09,4.9"
1272,"27,6,03:36,0.5,09:23,5.1,16:00,0.1,21:54,4.8"
1273,"28,6,04:11,0.6,10:02,4.9,16:39,0.4,22:32,4.6"
1274,"29,6,04:53,0.9,10:43,4.7,17:09,0.6,23:06,4.4"
1275,"30,6,05:26,1.1,11:21,4.5,17:47,0.9,23:46,4.2"
1276,"01,7,06:02,1.3,12:04,4.2,18:23,1.2"
1277,"02,7,00:28,4.1,06:53,1.5,12:58,4.0,19:09,1.5"
1278,"03,7,01:23,4.0,07:58,1.6,14:04,3.9,20:15,1.6"
1279,"04,7,02:28,3.9,09:15,1.6,15:17,3.8,21:28,1.6"
1280,"05,7,03:36,4.0,10:23,1.4,16:24,3.9,22:32,1.5"
1281,"06,7,04:34,4.1,11:19,1.2,17:21,4.1,23:26,1.4"
1282,"07,7,05:21,4.3,12:08,1.1,18:06,4.2"
1283,"08,7,00:13,1.3,06:02,4.4,12:54,0.9,18:47,4.3"
1284,"09,7,00:58,1.1,06:39,4.6,13:39,0.8,19:24,4.4"
1285,"10,7,01:43,1.0,07:17,4.6,14:15,0.7,20:00,4.5"
1286,"11,7,02:24,1.0,07:51,4.7,14:58,0.6,20:39,4.5"
1287,"12,7,03:02,0.9,08:32,4.7,15:39,0.6,21:17,4.5"
1288,"13,7,03:49,0.9,09:13,4.7,16:13,0.6,21:54,4.5"
1289,"14,7,04:28,0.9,09:54,4.6,16:56,0.7,22:38,4.4"
1290,"15,7,05:08,1.0,10:45,4.6,17:38,0.8,23:23,4.4"
1291,"16,7,05:54,1.0,11:38,4.5,18:17,1.0"
1292,"17,7,00:09,4.4,06:45,1.1,12:34,4.4,19:06,1.1"
1293,"18,7,01:04,4.4,07:41,1.1,13:36,4.3,20:04,1.2"
1294,"19,7,02:06,4.4,08:49,1.1,14:45,4.2,21:15,1.3"
1295,"20,7,03:15,4.5,10:02,1.0,16:04,4.2,22:34,1.3"
1296,"21,7,04:30,4.6,11:21,0.9,17:24,4.4,23:51,1.1"
1297,"22,7,05:41,4.7,12:34,0.6,18:34,4.6"
1298,"23,7,00:56,0.8,06:47,4.9,13:34,0.3,19:28,4.8"
1299,"24,7,01:53,0.6,07:41,5.1,14:19,0.1,20:13,4.9"
1300,"25,7,02:39,0.5,08:28,5.1,15:02,0.1,20:56,5.0"
1301,"26,7,03:15,0.4,09:06,5.1,15:43,0.1,21:34,4.9"
1302,"27,7,03:54,0.5,09:43,5.0,16:09,0.3,22:02,4.8"
1303,"28,7,04:24,0.7,10:13,4.8,16:43,0.6,22:30,4.6"
1304,"29,7,04:54,0.9,10:45,4.6,17:06,0.8,22:58,4.4"
1305,"30,7,05:24,1.1,11:21,4.3,17:39,1.1,23:36,4.3"
1306,"31,7,06:00,1.3,12:06,4.1,18:17,1.3"
1307,"01,8,00:21,4.1,06:53,1.5,13:04,3.8,19:09,1.6"
1308,"02,8,01:21,3.9,07:58,1.6,14:13,3.7,20:17,1.7"
1309,"03,8,02:28,3.9,09:15,1.6,15:32,3.7,21:32,1.7"
1310,"04,8,03:36,4.0,10:30,1.5,16:38,3.9,22:39,1.6"
1311,"05,8,04:34,4.2,11:32,1.3,17:30,4.1,23:38,1.4"
1312,"06,8,05:23,4.4,12:24,1.1,18:17,4.3"
1313,"07,8,00:30,1.2,06:09,4.6,13:11,0.8,18:58,4.4"
1314,"08,8,01:19,1.0,06:51,4.7,13:58,0.6,19:41,4.6"
1315,"09,8,02:04,0.8,07:38,4.9,14:43,0.5,20:21,4.7"
1316,"10,8,02:53,0.6,08:23,4.9,15:19,0.4,20:58,4.8"
1317,"11,8,03:36,0.6,09:04,4.9,16:00,0.4,21:39,4.8"
1318,"12,8,04:11,0.6,09:45,4.8,16:39,0.5,22:17,4.7"
1319,"13,8,04:54,0.6,10:32,4.7,17:11,0.7,22:54,4.7"
1320,"14,8,05:36,0.8,11:15,4.6,17:54,0.9,23:39,4.6"
1321,"15,8,06:17,0.9,12:04,4.3,18:38,1.1"
1322,"16,8,00:32,4.5,07:08,1.1,13:06,4.1,19:34,1.4"
1323,"17,8,01:36,4.3,08:17,1.2,14:23,4.0,20:49,1.5"
1324,"18,8,02:53,4.3,09:45,1.2,15:56,4.0,22:23,1.5"
1325,"19,8,04:19,4.4,11:13,1.0,17:21,4.2,23:45,1.2"
1326,"20,8,05:38,4.6,12:23,0.7,18:26,4.5"
1327,"21,8,00:47,0.8,06:39,4.9,13:15,0.4,19:15,4.8"
1328,"22,8,01:38,0.6,07:30,5.1,14:02,0.2,19:58,5.0"
1329,"23,8,02:17,0.4,08:09,5.1,14:45,0.1,20:38,5.0"
1330,"24,8,02:56,0.3,08:49,5.1,15:13,0.2,21:04,5.0"
1331,"25,8,03:30,0.4,09:17,5.0,15:47,0.4,21:34,4.9"
1332,"26,8,03:58,0.6,09:45,4.8,16:08,0.6,21:54,4.7"
1333,"27,8,04:24,0.8,10:13,4.6,16:38,0.8,22:21,4.6"
1334,"28,8,04:54,1.0,10:47,4.3,17:04,1.0,22:54,4.4"
1335,"29,8,05:30,1.2,11:30,4.1,17:45,1.3,23:39,4.1"
1336,"30,8,06:09,1.4,12:21,3.8,18:32,1.6"
1337,"31,8,00:36,3.9,07:06,1.6,13:28,3.6,19:32,1.8"
1338,"01,9,01:45,3.8,08:19,1.7,14:51,3.6,20:49,1.8"
1339,"02,9,02:56,3.9,09:45,1.6,16:04,3.8,22:04,1.6"
1340,"03,9,04:00,4.1,10:58,1.3,17:02,4.0,23:09,1.4"
1341,"04,9,04:56,4.4,11:58,1.0,17:51,4.3"
1342,"05,9,00:06,1.0,05:47,4.7,12:51,0.7,18:38,4.6"
1343,"06,9,00:58,0.7,06:38,4.9,13:38,0.5,19:19,4.8"
1344,"07,9,01:49,0.5,07:28,5.0,14:17,0.3,20:00,5.0"
1345,"08,9,02:36,0.3,08:11,5.1,15:00,0.2,20:41,5.1"
1346,"09,9,03:13,0.2,08:53,5.1,15:41,0.2,21:19,5.1"
1347,"10,9,03:56,0.3,09:38,5.0,16:15,0.4,21:53,5.0"
1348,"11,9,04:38,0.4,10:15,4.8,16:54,0.6,22:34,4.8"
1349,"12,9,05:13,0.6,10:56,4.5,17:34,0.9,23:17,4.6"
1350,"13,9,05:58,0.9,11:49,4.2,18:15,1.2"
1351,"14,9,00:09,4.4,06:53,1.1,12:53,4.0,19:15,1.5"
1352,"15,9,01:21,4.2,08:06,1.3,14:19,3.8,20:47,1.7"
1353,"16,9,02:51,4.1,09:47,1.3,16:02,3.9,22:26,1.5"
1354,"17,9,04:21,4.3,11:08,1.0,17:17,4.3,23:38,1.1"
1355,"18,9,05:32,4.6,12:08,0.7,18:11,4.6"
1356,"19,9,00:30,0.7,06:26,4.9,12:58,0.4,18:58,4.9"
1357,"20,9,01:13,0.5,07:09,5.0,13:41,0.3,19:39,5.0"
1358,"21,9,01:56,0.3,07:51,5.1,14:13,0.2,20:08,5.1"
1359,"22,9,02:34,0.3,08:23,5.0,14:49,0.3,20:39,5.0"
1360,"23,9,03:02,0.4,08:53,4.9,15:13,0.5,21:00,4.9"
1361,"24,9,03:34,0.5,09:21,4.8,15:43,0.6,21:24,4.8"
1362,"25,9,04:00,0.7,09:49,4.5,16:06,0.9,21:49,4.6"
1363,"26,9,04:32,0.9,10:19,4.3,16:41,1.1,22:21,4.4"
1364,"27,9,05:02,1.1,10:58,4.0,17:13,1.4,23:02,4.1"
1365,"28,9,05:47,1.4,11:51,3.7,18:00,1.7,23:58,3.9"
1366,"29,9,06:38,1.6,12:56,3.5,19:00,1.8"
1367,"30,9,01:06,3.8,07:45,1.7,14:15,3.5,20:13,1.9"
1368,"01,10,02:23,3.9,09:13,1.6,15:36,3.8,21:39,1.6"
1369,"02,10,03:34,4.1,10:32,1.3,16:36,4.1,22:47,1.3"
1370,"03,10,04:36,4.5,11:32,0.9,17:26,4.5,23:45,0.9"
1371,"04,10,05:30,4.8,12:21,0.6,18:11,4.8"
1372,"05,10,00:38,0.5,06:23,5.0,13:06,0.3,18:54,5.1"
1373,"06,10,01:26,0.2,07:09,5.2,13:54,0.2,19:39,5.2"
1374,"07,10,02:09,0.1,07:54,5.2,14:39,0.1,20:17,5.3"
1375,"08,10,02:56,0.0,08:41,5.2,15:15,0.2,20:56,5.2"
1376,"09,10,03:41,0.1,09:21,5.0,15:56,0.4,21:38,5.1"
1377,"10,10,04:17,0.3,10:00,4.8,16:38,0.7,22:15,4.9"
1378,"11,10,05:00,0.5,10:49,4.5,17:13,1.0,23:02,4.6"
1379,"12,10,05:49,0.8,11:41,4.1,18:02,1.3"
1380,"13,10,00:00,4.3,06:43,1.2,12:49,3.9,19:09,1.6"
1381,"14,10,01:17,4.1,08:02,1.4,14:26,3.8,20:51,1.7"
1382,"15,10,02:53,4.1,09:41,1.3,15:58,4.0,22:13,1.4"
1383,"16,10,04:11,4.3,10:53,1.0,17:00,4.3,23:13,1.0"
1384,"17,10,05:11,4.6,11:47,0.7,17:53,4.6"
1385,"18,10,00:04,0.7,06:02,4.8,12:30,0.5,18:34,4.9"
1386,"19,10,00:53,0.5,06:49,4.9,13:06,0.4,19:06,5.0"
1387,"20,10,01:30,0.4,07:24,5.0,13:47,0.4,19:41,5.0"
1388,"21,10,02:02,0.3,07:58,4.9,14:15,0.5,20:06,5.0"
1389,"22,10,02:39,0.4,08:28,4.8,14:49,0.6,20:32,4.9"
1390,"23,10,03:06,0.5,08:56,4.7,15:13,0.8,20:53,4.7"
1391,"24,10,03:39,0.7,09:24,4.4,15:47,1.0,21:19,4.5"
1392,"25,10,04:06,0.9,09:54,4.2,16:13,1.2,21:49,4.3"
1393,"26,10,04:45,1.1,10:32,3.9,16:54,1.5,22:30,4.1"
1394,"27,10,05:21,1.4,11:17,3.7,17:38,1.7,23:24,3.9"
1395,"28,10,06:08,1.6,12:19,3.5,18:34,1.9"
1396,"29,10,00:38,3.8,07:13,1.6,13:43,3.6,19:49,1.8"
1397,"30,10,01:56,3.9,08:41,1.5,15:02,3.8,21:13,1.6"
1398,"31,10,03:08,4.2,09:58,1.2,16:02,4.2,22:21,1.2"
1399,"01,11,04:11,4.5,10:56,0.9,16:53,4.6,23:17,0.7"
1400,"02,11,05:06,4.8,11:49,0.6,17:41,5.0"
1401,"03,11,00:08,0.4,05:58,5.1,12:39,0.4,18:26,5.2"
1402,"04,11,01:00,0.1,06:49,5.2,13:26,0.2,19:09,5.4"
1403,"05,11,01:51,0.0,07:38,5.2,14:08,0.2,19:53,5.4"
1404,"06,11,02:38,-0.1,08:23,5.2,14:56,0.3,20:38,5.3"
1405,"07,11,03:17,0.0,09:04,5.0,15:41,0.5,21:19,5.1"
1406,"08,11,04:02,0.2,09:51,4.8,16:17,0.7,22:02,4.9"
1407,"09,11,04:51,0.5,10:39,4.5,17:02,1.0,22:53,4.6"
1408,"10,11,05:36,0.8,11:32,4.1,17:54,1.3,23:53,4.3"
1409,"11,11,06:30,1.1,12:39,3.9,18:58,1.6"
1410,"12,11,01:06,4.1,07:43,1.3,14:04,3.8,20:30,1.6"
1411,"13,11,02:30,4.1,09:06,1.3,15:24,4.0,21:49,1.4"
1412,"14,11,03:43,4.2,10:13,1.2,16:26,4.2,22:49,1.1"
1413,"15,11,04:43,4.4,11:06,1.0,17:13,4.5,23:38,0.8"
1414,"16,11,05:36,4.6,11:54,0.8,17:58,4.7"
1415,"17,11,00:17,0.6,06:17,4.7,12:36,0.7,18:36,4.8"
1416,"18,11,01:00,0.5,06:56,4.8,13:09,0.7,19:06,4.9"
1417,"19,11,01:38,0.4,07:32,4.8,13:47,0.7,19:36,4.9"
1418,"20,11,02:08,0.5,08:00,4.7,14:15,0.8,19:58,4.8"
1419,"21,11,02:45,0.6,08:32,4.6,14:51,0.9,20:24,4.7"
1420,"22,11,03:13,0.7,08:58,4.4,15:19,1.1,20:47,4.5"
1421,"23,11,03:51,0.9,09:30,4.2,15:54,1.2,21:19,4.4"
1422,"24,11,04:21,1.1,10:02,4.0,16:32,1.4,21:56,4.2"
1423,"25,11,05:00,1.2,10:51,3.8,17:11,1.6,22:53,4.0"
1424,"26,11,05:53,1.4,11:51,3.7,18:06,1.7"
1425,"27,11,00:02,3.9,06:51,1.5,13:02,3.7,19:17,1.7"
1426,"28,11,01:17,4.0,08:00,1.4,14:15,3.9,20:38,1.5"
1427,"29,11,02:32,4.2,09:11,1.2,15:17,4.3,21:45,1.1"
1428,"30,11,03:38,4.4,10:13,0.9,16:13,4.6,22:43,0.7"
1429,"01,12,04:36,4.7,11:09,0.7,17:02,4.9,23:39,0.4"
1430,"02,12,05:32,4.9,12:02,0.5,17:53,5.2"
1431,"03,12,00:36,0.2,06:26,5.1,12:56,0.4,18:43,5.3"
1432,"04,12,01:26,0.1,07:17,5.1,13:51,0.4,19:32,5.4"
1433,"05,12,02:15,0.0,08:04,5.1,14:39,0.4,20:19,5.3"
1434,"06,12,03:02,0.0,08:54,5.0,15:21,0.5,21:04,5.2"
1435,"07,12,03:53,0.1,09:41,4.8,16:04,0.7,21:53,5.0"
1436,"08,12,04:36,0.4,10:24,4.5,16:51,0.9,22:39,4.7"
1437,"09,12,05:17,0.7,11:11,4.3,17:38,1.2,23:32,4.4"
1438,"10,12,06:04,1.0,12:06,4.1,18:30,1.5"
1439,"11,12,00:32,4.2,07:00,1.3,13:11,3.9,19:41,1.6"
1440,"12,12,01:41,4.0,08:08,1.4,14:26,3.9,20:58,1.6"
1441,"13,12,02:54,4.0,09:21,1.4,15:34,4.0,22:04,1.4"
1442,"14,12,04:00,4.1,10:21,1.3,16:30,4.2,23:00,1.1"
1443,"15,12,04:58,4.3,11:11,1.2,17:17,4.4,23:49,0.9"
1444,"16,12,05:47,4.4,11:56,1.0,17:56,4.6"
1445,"17,12,00:30,0.7,06:28,4.5,12:38,1.0,18:32,4.7"
1446,"18,12,01:06,0.6,07:02,4.6,13:11,0.9,19:00,4.7"
1447,"19,12,01:47,0.6,07:36,4.6,13:49,0.9,19:28,4.7"
1448,"20,12,02:17,0.7,08:04,4.5,14:23,1.0,19:53,4.7"
1449,"21,12,02:54,0.7,08:36,4.4,14:58,1.0,20:23,4.6"
1450,"22,12,03:30,0.8,09:04,4.3,15:36,1.2,20:51,4.5"
1451,"23,12,04:04,0.9,09:41,4.2,16:11,1.3,21:32,4.4"
1452,"24,12,04:47,1.0,10:24,4.0,16:56,1.4,22:26,4.3"
1453,"25,12,05:30,1.2,11:17,4.0,17:49,1.5,23:30,4.1"
1454,"26,12,06:17,1.3,12:17,4.0,18:47,1.5"
1455,"27,12,00:39,4.1,07:15,1.3,13:23,4.1,19:53,1.4"
1456,"28,12,01:49,4.2,08:21,1.3,14:26,4.3,21:00,1.1"
1457,"29,12,02:56,4.3,09:26,1.1,15:26,4.6,22:04,0.9"
1458,"30,12,04:02,4.5,10:32,1.0,16:26,4.8,23:06,0.6"
1459,"31,12,05:06,4.6,11:34,0.8,17:24,5.0"
1460,"01,1,00:00,0.1,06:04,1.2,12:08,0.3,18:02,1.2"
1461,"02,1,00:26,0.1,06:47,1.2,12:47,0.3,18:43,1.1"
1462,"03,1,01:08,0.1,07:28,1.1,13:30,0.4,19:26,1.1"
1463,"04,1,01:58,0.2,08:15,1.1,14:21,0.4,20:17,1.1"
1464,"05,1,02:54,0.2,09:11,1.0,15:23,0.4,21:19,1.0"
1465,"06,1,04:02,0.3,10:19,1.0,16:36,0.4,22:39,1.0"
1466,"07,1,05:17,0.3,11:34,1.0,17:49,0.4"
1467,"08,1,00:02,1.0,06:30,0.3,12:41,1.0,18:56,0.3"
1468,"09,1,01:13,1.1,07:36,0.3,13:39,1.0,19:56,0.2"
1469,"10,1,02:15,1.1,08:32,0.3,14:30,1.1,20:53,0.1"
1470,"11,1,03:09,1.2,09:23,0.3,15:15,1.2,21:41,0.1"
1471,"12,1,03:58,1.2,10:08,0.3,16:00,1.2,22:28,0.0"
1472,"13,1,04:45,1.2,10:53,0.3,16:43,1.2,23:11,0.0"
1473,"14,1,05:24,1.2,11:32,0.3,17:21,1.2,23:54,0.0"
1474,"15,1,06:04,1.2,12:08,0.3,18:00,1.2"
1475,"16,1,00:34,0.1,06:41,1.1,12:45,0.3,18:38,1.2"
1476,"17,1,01:11,0.1,07:15,1.1,13:19,0.3,19:15,1.1"
1477,"18,1,01:51,0.2,07:54,1.0,13:58,0.4,19:56,1.1"
1478,"19,1,02:32,0.3,08:34,1.0,14:43,0.4,20:45,1.0"
1479,"20,1,03:21,0.4,09:21,0.9,15:41,0.5,21:45,0.9"
1480,"21,1,04:24,0.4,10:26,0.9,16:56,0.5,23:06,0.9"
1481,"22,1,05:39,0.5,11:45,0.9,18:13,0.4"
1482,"23,1,00:32,0.9,06:51,0.5,12:54,0.9,19:19,0.4"
1483,"24,1,01:39,1.0,07:51,0.4,13:51,1.0,20:11,0.3"
1484,"25,1,02:28,1.0,08:39,0.4,14:36,1.0,20:58,0.2"
1485,"26,1,03:13,1.1,09:23,0.3,15:17,1.1,21:39,0.2"
1486,"27,1,03:54,1.2,10:02,0.3,15:58,1.2,22:19,0.1"
1487,"28,1,04:34,1.2,10:41,0.2,16:36,1.2,22:58,0.0"
1488,"29,1,05:09,1.2,11:17,0.2,17:11,1.2,23:36,0.0"
1489,"30,1,05:51,1.3,11:54,0.2,17:51,1.3"
1490,"31,1,00:13,0.0,06:26,1.2,12:30,0.2,18:28,1.2"
1491,"01,2,00:54,0.1,07:06,1.2,13:08,0.3,19:08,1.2"
1492,"02,2,01:36,0.1,07:49,1.1,13:53,0.3,19:56,1.1"
1493,"03,2,02:24,0.2,08:34,1.0,14:43,0.4,20:53,1.1"
1494,"04,2,03:26,0.3,09:32,1.0,15:53,0.4,22:04,1.0"
1495,"05,2,04:47,0.4,10:49,0.9,17:17,0.4,23:43,1.0"
1496,"06,2,06:13,0.4,12:15,0.9,18:45,0.3"
1497,"07,2,01:13,1.0,07:34,0.4,13:28,1.0,19:54,0.3"
1498,"08,2,02:19,1.1,08:34,0.4,14:23,1.0,20:51,0.2"
1499,"09,2,03:09,1.1,09:21,0.3,15:08,1.1,21:38,0.1"
1500,"10,2,03:54,1.2,10:02,0.3,15:51,1.2,22:19,0.0"
1501,"11,2,04:32,1.2,10:38,0.3,16:26,1.2,22:58,0.0"
1502,"12,2,05:06,1.2,11:09,0.2,17:02,1.3,23:34,0.0"
1503,"13,2,05:39,1.2,11:41,0.2,17:38,1.3"
1504,"14,2,00:06,0.1,06:08,1.2,12:09,0.2,18:09,1.2"
1505,"15,2,00:38,0.1,06:39,1.1,12:39,0.3,18:45,1.2"
1506,"16,2,01:06,0.2,07:06,1.1,13:08,0.3,19:17,1.1"
1507,"17,2,01:36,0.3,07:39,1.0,13:43,0.3,19:56,1.0"
1508,"18,2,02:09,0.4,08:13,0.9,14:24,0.4,20:43,0.9"
1509,"19,2,02:58,0.5,09:04,0.9,15:30,0.5,21:53,0.9"
1510,"20,2,04:17,0.5,10:23,0.8,17:09,0.5,23:41,0.8"
1511,"21,2,06:04,0.5,12:04,0.9,18:45,0.4"
1512,"22,2,01:11,0.9,07:24,0.5,13:19,0.9,19:47,0.3"
1513,"23,2,02:08,1.0,08:19,0.4,14:11,1.0,20:36,0.2"
1514,"24,2,02:54,1.1,09:02,0.3,14:56,1.1,21:17,0.1"
1515,"25,2,03:34,1.2,09:41,0.2,15:36,1.2,21:56,0.0"
1516,"26,2,04:09,1.3,10:17,0.2,16:13,1.3,22:36,0.0"
1517,"27,2,04:49,1.3,10:54,0.1,16:53,1.3,23:11,-0.1"
1518,"28,2,05:24,1.3,11:28,0.1,17:30,1.4,23:52,0.0"
1519,"01,3,06:00,1.3,12:04,0.1,18:08,1.3"
1520,"02,3,00:30,0.0,06:39,1.2,12:43,0.2,18:51,1.3"
1521,"03,3,01:11,0.1,07:15,1.2,13:23,0.2,19:36,1.2"
1522,"04,3,01:58,0.2,08:00,1.1,14:11,0.3,20:28,1.1"
1523,"05,3,02:56,0.4,08:53,1.0,15:19,0.4,21:43,1.0"
1524,"06,3,04:19,0.5,10:06,0.9,16:58,0.4,23:38,0.9"
1525,"07,3,06:08,0.5,11:56,0.9,18:38,0.3"
1526,"08,3,01:19,1.0,07:32,0.5,13:17,0.9,19:51,0.3"
1527,"09,3,02:19,1.0,08:26,0.4,14:11,1.0,20:43,0.2"
1528,"10,3,03:02,1.1,09:08,0.3,14:56,1.1,21:24,0.1"
1529,"11,3,03:39,1.2,09:43,0.3,15:34,1.2,22:02,0.1"
1530,"12,3,04:09,1.2,10:13,0.2,16:06,1.3,22:36,0.0"
1531,"13,3,04:39,1.2,10:45,0.2,16:41,1.3,23:06,0.1"
1532,"14,3,05:08,1.2,11:11,0.2,17:11,1.3,23:36,0.1"
1533,"15,3,05:36,1.2,11:41,0.2,17:45,1.3"
1534,"16,3,00:02,0.2,06:02,1.2,12:06,0.2,18:15,1.2"
1535,"17,3,00:28,0.2,06:30,1.1,12:36,0.2,18:49,1.1"
1536,"18,3,00:54,0.3,07:00,1.1,13:04,0.3,19:21,1.0"
1537,"19,3,01:23,0.4,07:32,1.0,13:39,0.4,20:04,0.9"
1538,"20,3,02:02,0.5,08:13,0.9,14:36,0.4,21:08,0.9"
1539,"21,3,03:17,0.6,09:23,0.8,16:19,0.5,23:02,0.8"
1540,"22,3,05:36,0.6,11:17,0.8,18:09,0.4"
1541,"23,3,00:49,0.9,07:02,0.5,12:51,0.9,19:19,0.3"
1542,"24,3,01:47,1.0,07:56,0.4,13:45,1.0,20:08,0.2"
1543,"25,3,02:28,1.1,08:36,0.3,14:28,1.1,20:51,0.1"
1544,"26,3,03:06,1.2,09:11,0.2,15:08,1.2,21:28,0.0"
1545,"27,3,03:45,1.3,09:51,0.1,15:51,1.3,22:08,0.0"
1546,"28,3,04:19,1.3,10:24,0.1,16:28,1.4,22:47,-0.1"
1547,"29,3,04:58,1.3,11:02,0.1,17:08,1.4,23:26,0.0"
1548,"30,3,05:34,1.3,11:39,0.1,17:51,1.4"
1549,"31,3,00:06,0.1,06:09,1.3,12:19,0.1,18:32,1.3"
1550,"01,4,00:49,0.2,06:51,1.2,13:00,0.2,19:17,1.2"
1551,"02,4,01:34,0.3,07:30,1.1,13:51,0.2,20:11,1.1"
1552,"03,4,02:32,0.4,08:19,1.0,15:00,0.3,21:30,0.9"
1553,"04,4,04:02,0.5,09:34,0.9,16:43,0.4,23:32,0.9"
1554,"05,4,05:54,0.6,11:26,0.9,18:21,0.3"
1555,"06,4,01:08,1.0,07:11,0.5,12:56,0.9,19:28,0.3"
1556,"07,4,02:00,1.0,08:02,0.4,13:51,1.0,20:17,0.2"
1557,"08,4,02:38,1.1,08:41,0.3,14:30,1.1,20:58,0.1"
1558,"09,4,03:08,1.1,09:11,0.3,15:06,1.2,21:32,0.1"
1559,"10,4,03:38,1.2,09:43,0.2,15:41,1.2,22:02,0.1"
1560,"11,4,04:04,1.2,10:11,0.2,16:13,1.3,22:34,0.1"
1561,"12,4,04:34,1.2,10:41,0.1,16:47,1.3,23:02,0.1"
1562,"13,4,05:02,1.2,11:09,0.1,17:17,1.2,23:30,0.2"
1563,"14,4,05:30,1.2,11:39,0.2,17:53,1.2,23:56,0.2"
1564,"15,4,06:00,1.1,12:09,0.2,18:24,1.1"
1565,"16,4,00:24,0.3,06:32,1.1,12:41,0.3,19:02,1.0"
1566,"17,4,00:58,0.4,07:06,1.0,13:21,0.3,19:51,1.0"
1567,"18,4,01:43,0.5,07:51,0.9,14:19,0.4,20:54,0.9"
1568,"19,4,03:02,0.6,08:56,0.9,15:53,0.4,22:34,0.9"
1569,"20,4,05:02,0.6,10:38,0.8,17:32,0.4"
1570,"21,4,00:09,0.9,06:24,0.5,12:08,0.9,18:41,0.3"
1571,"22,4,01:09,1.0,07:19,0.4,13:09,1.0,19:34,0.2"
1572,"23,4,01:56,1.1,08:02,0.3,14:00,1.1,20:17,0.1"
1573,"24,4,02:36,1.2,08:43,0.2,14:43,1.2,21:00,0.0"
1574,"25,4,03:13,1.3,09:21,0.1,15:24,1.3,21:43,0.0"
1575,"26,4,03:54,1.3,10:00,0.1,16:08,1.4,22:24,0.0"
1576,"27,4,04:32,1.3,10:41,0.0,16:53,1.4,23:06,0.0"
1577,"28,4,05:09,1.3,11:21,0.0,17:36,1.3,23:51,0.1"
1578,"29,4,05:51,1.2,12:04,0.1,18:21,1.3"
1579,"30,4,00:34,0.2,06:28,1.1,12:53,0.1,19:09,1.1"
1580,"01,5,01:23,0.4,07:09,1.1,13:47,0.2,20:08,1.0"
1581,"02,5,02:23,0.5,08:02,1.0,14:58,0.3,21:24,0.9"
1582,"03,5,03:49,0.6,09:11,0.9,16:26,0.3,23:13,0.9"
1583,"04,5,05:24,0.6,10:53,0.9,17:54,0.3"
1584,"05,5,00:39,0.9,06:38,0.5,12:19,0.9,18:58,0.3"
1585,"06,5,01:28,1.0,07:26,0.4,13:15,1.0,19:47,0.2"
1586,"07,5,02:02,1.0,08:04,0.4,14:00,1.1,20:23,0.2"
1587,"08,5,02:32,1.1,08:38,0.3,14:38,1.1,20:58,0.2"
1588,"09,5,03:00,1.1,09:08,0.2,15:11,1.2,21:28,0.2"
1589,"10,5,03:30,1.1,09:41,0.2,15:47,1.2,22:00,0.2"
1590,"11,5,04:00,1.2,10:11,0.2,16:21,1.2,22:30,0.2"
1591,"12,5,04:32,1.2,10:45,0.2,16:58,1.2,23:00,0.2"
1592,"13,5,05:04,1.2,11:17,0.2,17:32,1.1,23:32,0.3"
1593,"14,5,05:38,1.1,11:51,0.2,18:08,1.1"
1594,"15,5,00:06,0.3,06:09,1.1,12:28,0.2,18:53,1.1"
1595,"16,5,00:45,0.4,06:51,1.0,13:11,0.3,19:39,1.0"
1596,"17,5,01:34,0.5,07:36,1.0,14:08,0.3,20:41,0.9"
1597,"18,5,02:45,0.5,08:36,0.9,15:23,0.3,21:58,0.9"
1598,"19,5,04:13,0.5,09:56,0.9,16:45,0.3,23:19,1.0"
1599,"20,5,05:34,0.5,11:19,1.0,17:56,0.3"
1600,"21,5,00:24,1.0,06:34,0.4,12:28,1.0,18:54,0.2"
1601,"22,5,01:15,1.1,07:23,0.3,13:24,1.1,19:45,0.1"
1602,"23,5,02:02,1.2,08:09,0.2,14:15,1.2,20:34,0.1"
1603,"24,5,02:45,1.2,08:54,0.1,15:04,1.3,21:19,0.1"
1604,"25,5,03:26,1.3,09:39,0.1,15:53,1.3,22:06,0.1"
1605,"26,5,04:08,1.3,10:24,0.0,16:39,1.3,22:53,0.1"
1606,"27,5,04:53,1.3,11:09,0.0,17:26,1.3,23:39,0.2"
1607,"28,5,05:34,1.2,12:00,0.0,18:15,1.2"
1608,"29,5,00:26,0.3,06:15,1.2,12:51,0.1,19:06,1.1"
1609,"30,5,01:17,0.4,07:00,1.1,13:45,0.2,20:02,1.0"
1610,"31,5,02:13,0.5,07:53,1.0,14:49,0.2,21:06,1.0"
1611,"01,6,03:21,0.5,08:53,1.0,15:58,0.3,22:24,0.9"
1612,"02,6,04:36,0.5,10:08,0.9,17:09,0.3,23:41,0.9"
1613,"03,6,05:45,0.5,11:28,0.9,18:11,0.3"
1614,"04,6,00:39,0.9,06:41,0.5,12:36,1.0,19:04,0.3"
1615,"05,6,01:19,1.0,07:26,0.4,13:26,1.0,19:49,0.3"
1616,"06,6,01:56,1.0,08:06,0.3,14:08,1.1,20:24,0.3"
1617,"07,6,02:28,1.1,08:43,0.3,14:49,1.1,21:00,0.3"
1618,"08,6,03:02,1.1,09:17,0.2,15:26,1.1,21:36,0.3"
1619,"09,6,03:36,1.1,09:54,0.2,16:04,1.1,22:09,0.3"
1620,"10,6,04:09,1.1,10:30,0.2,16:43,1.1,22:47,0.3"
1621,"11,6,04:47,1.1,11:06,0.2,17:21,1.1,23:21,0.3"
1622,"12,6,05:21,1.1,11:43,0.2,18:00,1.1"
1623,"13,6,00:00,0.4,05:58,1.1,12:21,0.2,18:43,1.1"
1624,"14,6,00:39,0.4,06:39,1.1,13:04,0.2,19:26,1.0"
1625,"15,6,01:24,0.4,07:21,1.0,13:54,0.2,20:17,1.0"
1626,"16,6,02:19,0.5,08:11,1.0,14:53,0.3,21:17,1.0"
1627,"17,6,03:26,0.5,09:15,1.0,16:00,0.3,22:26,1.0"
1628,"18,6,04:39,0.4,10:32,1.0,17:09,0.3,23:36,1.0"
1629,"19,6,05:47,0.4,11:47,1.0,18:15,0.2"
1630,"20,6,00:36,1.1,06:47,0.3,12:54,1.1,19:13,0.2"
1631,"21,6,01:30,1.1,07:41,0.2,13:54,1.2,20:08,0.2"
1632,"22,6,02:17,1.2,08:34,0.1,14:49,1.2,21:02,0.2"
1633,"23,6,03:04,1.2,09:23,0.1,15:41,1.3,21:53,0.2"
1634,"24,6,03:53,1.2,10:13,0.0,16:30,1.3,22:41,0.2"
1635,"25,6,04:36,1.2,11:02,0.0,17:19,1.2,23:28,0.2"
1636,"26,6,05:19,1.2,11:53,0.0,18:06,1.2"
1637,"27,6,00:13,0.3,06:02,1.2,12:41,0.1,18:54,1.1"
1638,"28,6,00:58,0.3,06:47,1.2,13:28,0.1,19:41,1.1"
1639,"29,6,01:45,0.4,07:30,1.1,14:17,0.2,20:28,1.0"
1640,"30,6,02:34,0.4,08:19,1.0,15:11,0.3,21:21,0.9"
1641,"01,7,03:30,0.5,09:13,1.0,16:09,0.3,22:21,0.9"
1642,"02,7,04:36,0.5,10:24,0.9,17:11,0.4,23:26,0.9"
1643,"03,7,05:41,0.5,11:41,0.9,18:13,0.4"
1644,"04,7,00:26,0.9,06:43,0.4,12:49,0.9,19:08,0.4"
1645,"05,7,01:15,1.0,07:36,0.4,13:45,1.0,19:56,0.4"
1646,"06,7,02:00,1.0,08:21,0.3,14:32,1.0,20:39,0.4"
1647,"07,7,02:41,1.1,09:04,0.2,15:13,1.1,21:21,0.3"
1648,"08,7,03:19,1.1,09:45,0.2,15:56,1.1,22:00,0.3"
1649,"09,7,03:58,1.1,10:23,0.2,16:36,1.1,22:39,0.3"
1650,"10,7,04:36,1.2,11:00,0.1,17:11,1.1,23:17,0.3"
1651,"11,7,05:11,1.2,11:38,0.1,17:53,1.2,23:54,0.3"
1652,"12,7,05:51,1.2,12:15,0.1,18:30,1.1"
1653,"13,7,00:30,0.3,06:26,1.2,12:54,0.1,19:09,1.1"
1654,"14,7,01:09,0.4,07:06,1.1,13:38,0.2,19:54,1.1"
1655,"15,7,01:54,0.4,07:53,1.1,14:24,0.2,20:43,1.0"
1656,"16,7,02:47,0.4,08:47,1.0,15:24,0.3,21:41,1.0"
1657,"17,7,03:53,0.4,09:54,1.0,16:34,0.3,22:51,1.0"
1658,"18,7,05:06,0.4,11:13,1.0,17:49,0.3"
1659,"19,7,00:02,1.0,06:21,0.3,12:38,1.0,18:58,0.3"
1660,"20,7,01:08,1.0,07:26,0.3,13:47,1.1,20:02,0.3"
1661,"21,7,02:04,1.1,08:26,0.2,14:47,1.1,20:58,0.3"
1662,"22,7,02:54,1.1,09:19,0.1,15:38,1.2,21:47,0.3"
1663,"23,7,03:41,1.2,10:09,0.0,16:24,1.2,22:32,0.3"
1664,"24,7,04:23,1.2,10:56,0.0,17:08,1.2,23:13,0.3"
1665,"25,7,05:04,1.3,11:39,0.0,17:51,1.2,23:54,0.3"
1666,"26,7,05:45,1.3,12:21,0.0,18:28,1.2"
1667,"27,7,00:30,0.3,06:23,1.2,13:00,0.1,19:04,1.1"
1668,"28,7,01:06,0.3,07:00,1.2,13:39,0.2,19:41,1.0"
1669,"29,7,01:43,0.4,07:41,1.1,14:19,0.3,20:19,1.0"
1670,"30,7,02:24,0.4,08:23,1.0,15:04,0.4,21:04,0.9"
1671,"31,7,03:17,0.5,09:17,0.9,16:00,0.4,22:02,0.9"
1672,"01,8,04:28,0.5,10:34,0.9,17:11,0.5,23:17,0.9"
1673,"02,8,05:53,0.5,12:04,0.9,18:28,0.5"
1674,"03,8,00:36,0.9,07:04,0.4,13:19,0.9,19:32,0.4"
1675,"04,8,01:36,1.0,08:02,0.3,14:15,1.0,20:23,0.4"
1676,"05,8,02:21,1.0,08:49,0.3,15:00,1.0,21:06,0.3"
1677,"06,8,03:04,1.1,09:30,0.2,15:41,1.1,21:47,0.3"
1678,"07,8,03:43,1.2,10:08,0.1,16:17,1.2,22:24,0.3"
1679,"08,8,04:19,1.2,10:45,0.1,16:56,1.2,23:00,0.2"
1680,"09,8,04:56,1.2,11:21,0.0,17:32,1.2,23:36,0.2"
1681,"10,8,05:32,1.3,11:56,0.0,18:08,1.2"
1682,"11,8,00:09,0.2,06:08,1.3,12:34,0.1,18:47,1.2"
1683,"12,8,00:47,0.2,06:49,1.2,13:13,0.1,19:23,1.1"
1684,"13,8,01:24,0.3,07:30,1.2,13:58,0.2,20:08,1.1"
1685,"14,8,02:11,0.3,08:19,1.1,14:54,0.3,21:00,1.0"
1686,"15,8,03:15,0.4,09:26,1.0,16:06,0.4,22:09,0.9"
1687,"16,8,04:39,0.4,10:58,1.0,17:36,0.4,23:39,0.9"
1688,"17,8,06:09,0.4,12:39,1.0,19:00,0.4"
1689,"18,8,01:00,1.0,07:28,0.3,13:54,1.0,20:06,0.4"
1690,"19,8,02:00,1.0,08:28,0.2,14:51,1.1,20:58,0.3"
1691,"20,8,02:51,1.1,09:17,0.1,15:36,1.2,21:41,0.3"
1692,"21,8,03:32,1.2,10:02,0.0,16:13,1.2,22:19,0.2"
1693,"22,8,04:09,1.3,10:43,0.0,16:53,1.2,22:56,0.2"
1694,"23,8,04:49,1.3,11:21,0.0,17:24,1.2,23:28,0.2"
1695,"24,8,05:23,1.3,11:56,0.0,17:58,1.2"
1696,"25,8,00:00,0.2,05:58,1.3,12:28,0.1,18:26,1.1"
1697,"26,8,00:28,0.3,06:32,1.2,12:58,0.2,18:58,1.1"
1698,"27,8,00:58,0.3,07:04,1.1,13:30,0.3,19:28,1.0"
1699,"28,8,01:30,0.4,07:43,1.0,14:02,0.4,20:02,0.9"
1700,"29,8,02:09,0.4,08:24,0.9,14:47,0.5,20:51,0.9"
1701,"30,8,03:15,0.5,09:34,0.8,16:08,0.5,22:06,0.8"
1702,"31,8,05:06,0.5,11:26,0.8,18:00,0.5,23:59,0.8"
1703,"01,9,06:45,0.5,13:06,0.9,19:19,0.5"
1704,"02,9,01:13,0.9,07:45,0.4,14:02,1.0,20:09,0.4"
1705,"03,9,02:04,1.0,08:28,0.3,14:43,1.1,20:51,0.3"
1706,"04,9,02:45,1.1,09:06,0.2,15:19,1.1,21:24,0.3"
1707,"05,9,03:21,1.2,09:43,0.1,15:54,1.2,22:00,0.2"
1708,"06,9,03:58,1.3,10:17,0.0,16:30,1.3,22:34,0.2"
1709,"07,9,04:34,1.3,10:54,0.0,17:04,1.3,23:06,0.1"
1710,"08,9,05:09,1.3,11:30,0.0,17:41,1.3,23:41,0.1"
1711,"09,9,05:49,1.3,12:08,0.0,18:15,1.2"
1712,"10,9,00:17,0.2,06:26,1.3,12:47,0.1,18:54,1.2"
1713,"11,9,00:56,0.2,07:08,1.2,13:30,0.2,19:36,1.1"
1714,"12,9,01:43,0.3,08:00,1.1,14:24,0.3,20:23,1.0"
1715,"13,9,02:47,0.4,09:08,1.0,15:45,0.5,21:36,0.9"
1716,"14,9,04:21,0.4,10:54,0.9,17:32,0.5,23:19,0.9"
1717,"15,9,06:06,0.4,12:47,1.0,19:02,0.5"
1718,"16,9,00:53,0.9,07:23,0.3,13:56,1.0,20:00,0.4"
1719,"17,9,01:53,1.0,08:19,0.2,14:41,1.1,20:47,0.3"
1720,"18,9,02:38,1.1,09:04,0.1,15:19,1.2,21:23,0.3"
1721,"19,9,03:15,1.2,09:45,0.0,15:54,1.2,21:56,0.2"
1722,"20,9,03:53,1.3,10:19,0.0,16:24,1.2,22:26,0.2"
1723,"21,9,04:26,1.3,10:54,0.0,16:54,1.2,22:58,0.2"
1724,"22,9,05:00,1.3,11:24,0.1,17:23,1.2,23:26,0.2"
1725,"23,9,05:32,1.3,11:54,0.1,17:53,1.1,23:56,0.2"
1726,"24,9,06:04,1.2,12:21,0.2,18:19,1.1"
1727,"25,9,00:24,0.2,06:38,1.1,12:49,0.3,18:51,1.0"
1728,"26,9,00:54,0.3,07:09,1.0,13:17,0.4,19:21,1.0"
1729,"27,9,01:30,0.4,07:54,0.9,13:58,0.5,20:04,0.9"
1730,"28,9,02:28,0.5,08:58,0.8,15:21,0.6,21:15,0.8"
1731,"29,9,04:28,0.5,10:58,0.8,17:41,0.6,23:21,0.8"
1732,"30,9,06:15,0.5,12:47,0.9,19:00,0.5"
1733,"01,10,00:51,0.9,07:17,0.4,13:39,1.0,19:49,0.4"
1734,"02,10,01:39,1.0,08:00,0.2,14:17,1.1,20:24,0.3"
1735,"03,10,02:17,1.1,08:39,0.1,14:53,1.2,20:58,0.2"
1736,"04,10,02:56,1.2,09:15,0.1,15:26,1.2,21:32,0.2"
1737,"05,10,03:34,1.3,09:53,0.0,16:00,1.3,22:06,0.1"
1738,"06,10,04:09,1.3,10:28,0.0,16:38,1.3,22:41,0.1"
1739,"07,10,04:49,1.4,11:06,0.0,17:11,1.3,23:17,0.1"
1740,"08,10,05:28,1.4,11:47,0.1,17:51,1.2,23:54,0.1"
1741,"09,10,06:08,1.3,12:26,0.2,18:26,1.2"
1742,"10,10,00:36,0.2,06:56,1.2,13:11,0.3,19:08,1.1"
1743,"11,10,01:24,0.2,07:49,1.1,14:08,0.4,19:58,1.0"
1744,"12,10,02:32,0.3,09:00,1.0,15:34,0.5,21:08,0.9"
1745,"13,10,04:13,0.4,10:56,0.9,17:24,0.5,23:00,0.9"
1746,"14,10,05:56,0.3,12:43,0.9,18:51,0.5"
1747,"15,10,00:34,0.9,07:08,0.3,13:41,1.0,19:43,0.4"
1748,"16,10,01:32,1.0,08:00,0.2,14:19,1.1,20:21,0.3"
1749,"17,10,02:13,1.1,08:43,0.1,14:54,1.1,20:56,0.3"
1750,"18,10,02:53,1.2,09:17,0.1,15:23,1.2,21:26,0.2"
1751,"19,10,03:26,1.2,09:51,0.1,15:53,1.2,21:56,0.2"
1752,"20,10,04:00,1.3,10:21,0.1,16:19,1.2,22:26,0.1"
1753,"21,10,04:34,1.3,10:51,0.1,16:49,1.2,22:56,0.1"
1754,"22,10,05:06,1.2,11:19,0.2,17:17,1.2,23:24,0.2"
1755,"23,10,05:39,1.2,11:47,0.3,17:49,1.1,23:56,0.2"
1756,"24,10,06:11,1.1,12:15,0.3,18:19,1.1"
1757,"25,10,00:28,0.3,06:53,1.0,12:49,0.4,18:54,1.0"
1758,"26,10,01:08,0.3,07:36,0.9,13:32,0.5,19:38,0.9"
1759,"27,10,02:06,0.4,08:38,0.9,14:51,0.6,20:43,0.8"
1760,"28,10,03:43,0.5,10:13,0.8,16:51,0.6,22:24,0.8"
1761,"29,10,05:23,0.4,11:56,0.9,18:11,0.5"
1762,"30,10,00:00,0.9,06:32,0.3,12:56,1.0,19:06,0.4"
1763,"31,10,00:58,1.0,07:21,0.2,13:41,1.1,19:47,0.3"
1764,"01,11,01:45,1.1,08:04,0.1,14:17,1.2,20:24,0.2"
1765,"02,11,02:26,1.2,08:45,0.1,14:56,1.2,21:02,0.1"
1766,"03,11,03:06,1.3,09:24,0.0,15:34,1.3,21:41,0.1"
1767,"04,11,03:51,1.4,10:06,0.0,16:09,1.3,22:19,0.0"
1768,"05,11,04:32,1.4,10:49,0.1,16:51,1.3,23:00,0.0"
1769,"06,11,05:13,1.3,11:30,0.1,17:28,1.2,23:43,0.1"
1770,"07,11,06:00,1.3,12:15,0.2,18:09,1.2"
1771,"08,11,00:30,0.1,06:51,1.2,13:04,0.3,18:54,1.1"
1772,"09,11,01:24,0.2,07:47,1.1,14:04,0.4,19:47,1.0"
1773,"10,11,02:34,0.3,08:58,1.0,15:24,0.5,20:54,0.9"
1774,"11,11,04:00,0.3,10:38,0.9,16:58,0.5,22:28,0.9"
1775,"12,11,05:28,0.3,12:11,0.9,18:13,0.5"
1776,"13,11,00:00,0.9,06:39,0.3,13:09,1.0,19:09,0.4"
1777,"14,11,01:02,1.0,07:32,0.2,13:51,1.0,19:53,0.4"
1778,"15,11,01:49,1.1,08:13,0.2,14:21,1.1,20:24,0.3"
1779,"16,11,02:26,1.1,08:51,0.2,14:53,1.1,20:58,0.2"
1780,"17,11,03:02,1.2,09:21,0.2,15:19,1.1,21:30,0.2"
1781,"18,11,03:38,1.2,09:53,0.2,15:51,1.1,22:02,0.2"
1782,"19,11,04:09,1.2,10:23,0.2,16:19,1.1,22:34,0.2"
1783,"20,11,04:47,1.2,10:54,0.3,16:53,1.1,23:06,0.2"
1784,"21,11,05:21,1.1,11:24,0.3,17:23,1.1,23:39,0.2"
1785,"22,11,05:58,1.1,11:56,0.4,17:58,1.1"
1786,"23,11,00:15,0.2,06:38,1.0,12:34,0.4,18:36,1.0"
1787,"24,11,00:56,0.3,07:19,1.0,13:17,0.5,19:17,1.0"
1788,"25,11,01:47,0.3,08:11,0.9,14:19,0.5,20:11,0.9"
1789,"26,11,02:54,0.4,09:23,0.9,15:43,0.5,21:26,0.9"
1790,"27,11,04:17,0.4,10:45,0.9,17:04,0.5,22:53,0.9"
1791,"28,11,05:32,0.3,11:56,1.0,18:08,0.4"
1792,"29,11,00:04,1.0,06:32,0.3,12:53,1.1,19:00,0.3"
1793,"30,11,01:04,1.1,07:24,0.2,13:39,1.1,19:47,0.2"
1794,"01,12,01:56,1.2,08:11,0.1,14:23,1.2,20:32,0.1"
1795,"02,12,02:45,1.3,08:58,0.1,15:04,1.2,21:15,0.1"
1796,"03,12,03:32,1.3,09:45,0.1,15:49,1.3,22:02,0.0"
1797,"04,12,04:17,1.3,10:32,0.1,16:30,1.3,22:49,0.0"
1798,"05,12,05:06,1.3,11:19,0.2,17:13,1.2,23:38,0.0"
1799,"06,12,05:56,1.3,12:06,0.2,17:58,1.2"
1800,"07,12,00:26,0.1,06:45,1.2,12:56,0.3,18:45,1.1"
1801,"08,12,01:19,0.1,07:38,1.1,13:51,0.4,19:32,1.1"
1802,"09,12,02:19,0.2,08:38,1.0,14:53,0.5,20:30,1.0"
1803,"10,12,03:26,0.3,09:49,0.9,16:02,0.5,21:41,0.9"
1804,"11,12,04:41,0.3,11:06,0.9,17:13,0.5,23:02,0.9"
1805,"12,12,05:51,0.3,12:15,0.9,18:17,0.5"
1806,"13,12,00:17,1.0,06:51,0.3,13:06,1.0,19:09,0.4"
1807,"14,12,01:15,1.0,07:39,0.3,13:47,1.0,19:54,0.3"
1808,"15,12,02:02,1.1,08:19,0.3,14:19,1.0,20:34,0.3"
1809,"16,12,02:43,1.1,08:58,0.3,14:54,1.1,21:09,0.2"
1810,"17,12,03:19,1.1,09:32,0.3,15:26,1.1,21:47,0.2"
1811,"18,12,03:58,1.1,10:06,0.3,16:02,1.1,22:23,0.2"
1812,"19,12,04:36,1.1,10:43,0.3,16:38,1.1,22:58,0.2"
1813,"20,12,05:11,1.1,11:17,0.3,17:11,1.1,23:34,0.2"
1814,"21,12,05:51,1.1,11:53,0.3,17:49,1.1"
1815,"22,12,00:09,0.2,06:26,1.1,12:26,0.4,18:23,1.1"
1816,"23,12,00:47,0.2,07:06,1.1,13:06,0.4,19:02,1.1"
1817,"24,12,01:30,0.2,07:51,1.0,13:53,0.4,19:49,1.0"
1818,"25,12,02:19,0.3,08:41,1.0,14:49,0.5,20:45,1.0"
1819,"26,12,03:21,0.3,09:43,1.0,15:56,0.5,21:54,1.0"
1820,"27,12,04:34,0.3,10:54,1.0,17:08,0.4,23:11,1.0"
1821,"28,12,05:45,0.3,12:02,1.0,18:13,0.4"
1822,"29,12,00:26,1.0,06:51,0.3,13:02,1.0,19:13,0.3"
1823,"30,12,01:30,1.1,07:49,0.2,13:56,1.1,20:08,0.2"
1824,"31,12,02:26,1.2,08:43,0.2,14:45,1.2,21:00,0.1"
