0,1,1,4:20,"3,1"
1,1,1,10:27,"0,5"
2,1,1,16:35,"3,4"
3,1,1,23:02,"0,0"
4,2,1,5:15,"3,3"
5,2,1,11:22,"0,3"
6,2,1,17:29,"3,5"
7,2,1,23:54,"-0,2"
8,3,1,6:06,"3,3"
9,3,1,12:12,"0,2"
10,3,1,18:19,"3,5"
11,3,1,n,n
12,4,1,0:42,"-0,3"
13,4,1,6:53,"3,4"
14,4,1,12:59,"0,2"
15,4,1,19:07,"3,5"
16,5,1,1:26,"-0,2"
17,5,1,7:38,"3,3"
18,5,1,13:42,"0,3"
19,5,1,19:53,"3,4"
20,6,1,2:07,"0,0"
21,6,1,8:21,"3,2"
22,6,1,14:24,"0,5"
23,6,1,20:37,"3,2"
24,7,1,2:47,"0,2"
25,7,1,9:04,"3,0"
26,7,1,15:06,"0,7"
27,7,1,21:23,"3,1"
28,8,1,3:27,"0,5"
29,8,1,9:48,"2,9"
30,8,1,15:51,"0,9"
31,8,1,22:11,"2,9"
32,9,1,4:09,"0,8"
33,9,1,10:35,"2,8"
34,9,1,16:42,"1,0"
35,9,1,23:05,"2,8"
36,10,1,4:59,"1,0"
37,10,1,11:29,"2,8"
38,10,1,17:41,"1,1"
39,10,1,n,n
40,11,1,0:04,"2,7"
41,11,1,5:56,"1,1"
42,11,1,12:27,"2,8"
43,11,1,18:45,"1,0"
44,12,1,1:06,"2,7"
45,12,1,6:56,"1,1"
46,12,1,13:24,"2,8"
47,12,1,19:43,"0,9"
48,13,1,2:05,"2,8"
49,13,1,7:52,"1,0"
50,13,1,14:16,"2,9"
51,13,1,20:36,"0,7"
52,14,1,2:57,"2,9"
53,14,1,8:42,"0,9"
54,14,1,15:01,"3,0"
55,14,1,21:24,"0,6"
56,15,1,3:43,"2,9"
57,15,1,9:29,"0,8"
58,15,1,15:41,"3,1"
59,15,1,22:09,"0,5"
60,16,1,4:23,"3,0"
61,16,1,10:12,"0,7"
62,16,1,16:16,"3,1"
63,16,1,22:52,"0,5"
64,17,1,4:59,"3,0"
65,17,1,10:55,"0,7"
66,17,1,16:50,"3,2"
67,17,1,23:32,"0,4"
68,18,1,5:33,"3,1"
69,18,1,11:36,"0,6"
70,18,1,17:23,"3,2"
71,18,1,n,n
72,19,1,0:11,"0,4"
73,19,1,6:06,"3,1"
74,19,1,12:16,"0,7"
75,19,1,17:56,"3,2"
76,20,1,0:48,"0,4"
77,20,1,6:38,"3,1"
78,20,1,12:55,"0,7"
79,20,1,18:29,"3,2"
80,21,1,1:25,"0,5"
81,21,1,7:10,"3,0"
82,21,1,13:33,"0,8"
83,21,1,19:03,"3,1"
84,22,1,2:02,"0,6"
85,22,1,7:43,"2,9"
86,22,1,14:13,"0,9"
87,22,1,19:43,"3,0"
88,23,1,2:39,"0,8"
89,23,1,8:21,"2,9"
90,23,1,14:55,"1,1"
91,23,1,20:31,"2,8"
92,24,1,3:18,"1,1"
93,24,1,9:09,"2,8"
94,24,1,15:44,"1,2"
95,24,1,21:34,"2,7"
96,25,1,4:07,"1,3"
97,25,1,10:13,"2,7"
98,25,1,16:46,"1,3"
99,25,1,22:51,"2,5"
100,26,1,5:12,"1,5"
101,26,1,11:30,"2,7"
102,26,1,18:03,"1,3"
103,26,1,n,n
104,27,1,0:21,"2,5"
105,27,1,6:35,"1,5"
106,27,1,12:55,"2,7"
107,27,1,19:30,"1,2"
108,28,1,1:55,"2,6"
109,28,1,8:02,"1,3"
110,28,1,14:18,"2,9"
111,28,1,20:50,"0,8"
112,29,1,3:15,"2,8"
113,29,1,9:17,"1,0"
114,29,1,15:30,"3,1"
115,29,1,21:58,"0,5"
116,30,1,4:18,"3,1"
117,30,1,10:20,"0,7"
118,30,1,16:31,"3,3"
119,30,1,22:55,"0,1"
120,31,1,5:12,"3,3"
121,31,1,11:14,"0,3"
122,31,1,17:25,"3,5"
123,31,1,23:45,"-0,2"
124,32,1,4:20,"3,1"
125,32,1,10:27,"0,5"
126,32,1,16:35,"3,4"
127,32,1,23:02,"0,0"
128,33,1,5:15,"3,3"
129,33,1,11:22,"0,3"
130,33,1,17:29,"3,5"
131,33,1,23:54,"-0,2"
132,34,1,6:06,"3,3"
133,34,1,12:12,"0,2"
134,34,1,18:19,"3,5"
135,34,1,n,n
136,35,1,0:42,"-0,3"
137,35,1,6:53,"3,4"
138,35,1,12:59,"0,2"
139,35,1,19:07,"3,5"
140,36,1,1:26,"-0,2"
141,36,1,7:38,"3,3"
142,36,1,13:42,"0,3"
143,36,1,19:53,"3,4"
144,37,1,2:07,"0,0"
145,37,1,8:21,"3,2"
146,37,1,14:24,"0,5"
147,37,1,20:37,"3,2"
148,38,1,2:47,"0,2"
149,38,1,9:04,"3,0"
150,38,1,15:06,"0,7"
151,38,1,21:23,"3,1"
152,39,1,3:27,"0,5"
153,39,1,9:48,"2,9"
154,39,1,15:51,"0,9"
155,39,1,22:11,"2,9"
156,40,1,4:09,"0,8"
157,40,1,10:35,"2,8"
158,40,1,16:42,"1,0"
159,40,1,23:05,"2,8"
160,41,1,4:59,"1,0"
161,41,1,11:29,"2,8"
162,41,1,17:41,"1,1"
163,41,1,n,n
164,42,1,0:04,"2,7"
165,42,1,5:56,"1,1"
166,42,1,12:27,"2,8"
167,42,1,18:45,"1,0"
168,43,1,1:06,"2,7"
169,43,1,6:56,"1,1"
170,43,1,13:24,"2,8"
171,43,1,19:43,"0,9"
172,44,1,2:05,"2,8"
173,44,1,7:52,"1,0"
174,44,1,14:16,"2,9"
175,44,1,20:36,"0,7"
176,45,1,2:57,"2,9"
177,45,1,8:42,"0,9"
178,45,1,15:01,"3,0"
179,45,1,21:24,"0,6"
180,46,1,3:43,"2,9"
181,46,1,9:29,"0,8"
182,46,1,15:41,"3,1"
183,46,1,22:09,"0,5"
184,47,1,4:23,"3,0"
185,47,1,10:12,"0,7"
186,47,1,16:16,"3,1"
187,47,1,22:52,"0,5"
188,48,1,4:59,"3,0"
189,48,1,10:55,"0,7"
190,48,1,16:50,"3,2"
191,48,1,23:32,"0,4"
192,49,1,5:33,"3,1"
193,49,1,11:36,"0,6"
194,49,1,17:23,"3,2"
195,49,1,n,n
196,50,1,0:11,"0,4"
197,50,1,6:06,"3,1"
198,50,1,12:16,"0,7"
199,50,1,17:56,"3,2"
200,51,1,0:48,"0,4"
201,51,1,6:38,"3,1"
202,51,1,12:55,"0,7"
203,51,1,18:29,"3,2"
204,52,1,1:25,"0,5"
205,52,1,7:10,"3,0"
206,52,1,13:33,"0,8"
207,52,1,19:03,"3,1"
208,53,1,2:02,"0,6"
209,53,1,7:43,"2,9"
210,53,1,14:13,"0,9"
211,53,1,19:43,"3,0"
212,54,1,2:39,"0,8"
213,54,1,8:21,"2,9"
214,54,1,14:55,"1,1"
215,54,1,20:31,"2,8"
216,55,1,3:18,"1,1"
217,55,1,9:09,"2,8"
218,55,1,15:44,"1,2"
219,55,1,21:34,"2,7"
220,56,1,4:07,"1,3"
221,56,1,10:13,"2,7"
222,56,1,16:46,"1,3"
223,56,1,22:51,"2,5"
224,57,1,5:12,"1,5"
225,57,1,11:30,"2,7"
226,57,1,18:03,"1,3"
227,57,1,n,n
228,58,1,0:21,"2,5"
229,58,1,6:35,"1,5"
230,58,1,12:55,"2,7"
231,58,1,19:30,"1,2"
232,59,1,1:55,"2,6"
233,59,1,8:02,"1,3"
234,59,1,14:18,"2,9"
235,59,1,20:50,"0,8"
236,60,1,3:15,"2,8"
237,60,1,9:17,"1,0"
238,60,1,15:30,"3,1"
239,60,1,21:58,"0,5"
240,61,1,4:18,"3,1"
241,61,1,10:20,"0,7"
242,61,1,16:31,"3,3"
243,61,1,22:55,"0,1"
244,62,1,5:12,"3,3"
245,62,1,11:14,"0,3"
246,62,1,17:25,"3,5"
247,62,1,23:45,"-0,2"
248,1,2,6:00,"3,4"
249,1,2,12:02,"0,1"
250,1,2,18:14,"3,6"
251,1,2,n,n
252,2,2,0:29,"-0,3"
253,2,2,6:44,"3,5"
254,2,2,12:46,"0,1"
255,2,2,18:58,"3,6"
256,3,2,1:09,"-0,2"
257,3,2,7:23,"3,5"
258,3,2,13:26,"0,1"
259,3,2,19:38,"3,5"
260,4,2,1:46,"-0,1"
261,4,2,7:59,"3,4"
262,4,2,14:03,"0,3"
263,4,2,20:15,"3,4"
264,5,2,2:20,"0,2"
265,5,2,8:32,"3,2"
266,5,2,14:37,"0,5"
267,5,2,20:51,"3,2"
268,6,2,2:51,"0,5"
269,6,2,9:05,"3,1"
270,6,2,15:11,"0,7"
271,6,2,21:28,"3,0"
272,7,2,3:23,"0,7"
273,7,2,9:40,"3,0"
274,7,2,15:48,"0,9"
275,7,2,22:11,"2,8"
276,8,2,4:00,"1,0"
277,8,2,10:23,"2,8"
278,8,2,16:33,"1,1"
279,8,2,23:03,"2,7"
280,9,2,4:47,"1,3"
281,9,2,11:16,"2,7"
282,9,2,17:30,"1,3"
283,9,2,n,n
284,10,2,0:06,"2,6"
285,10,2,5:46,"1,4"
286,10,2,12:18,"2,7"
287,10,2,18:41,"1,3"
288,11,2,1:17,"2,6"
289,11,2,6:55,"1,4"
290,11,2,13:23,"2,7"
291,11,2,19:54,"1,2"
292,12,2,2:23,"2,6"
293,12,2,8:02,"1,4"
294,12,2,14:20,"2,8"
295,12,2,20:56,"1,1"
296,13,2,3:16,"2,8"
297,13,2,8:59,"1,2"
298,13,2,15:08,"2,9"
299,13,2,21:47,"0,9"
300,14,2,3:59,"2,9"
301,14,2,9:49,"1,0"
302,14,2,15:50,"3,1"
303,14,2,22:32,"0,7"
304,15,2,4:37,"3,0"
305,15,2,10:36,"0,8"
306,15,2,16:29,"3,2"
307,15,2,23:14,"0,5"
308,16,2,5:13,"3,1"
309,16,2,11:20,"0,7"
310,16,2,17:06,"3,3"
311,16,2,23:54,"0,5"
312,17,2,5:48,"3,2"
313,17,2,12:03,"0,6"
314,17,2,17:42,"3,3"
315,17,2,n,n
316,18,2,0:33,"0,5"
317,18,2,6:20,"3,2"
318,18,2,12:44,"0,7"
319,18,2,18:16,"3,3"
320,19,2,1:11,"0,5"
321,19,2,6:51,"3,2"
322,19,2,13:23,"0,7"
323,19,2,18:49,"3,2"
324,20,2,1:47,"0,7"
325,20,2,7:18,"3,1"
326,20,2,14:02,"0,9"
327,20,2,19:23,"3,0"
328,21,2,2:22,"1,0"
329,21,2,7:50,"3,0"
330,21,2,14:42,"1,1"
331,21,2,20:07,"2,8"
332,22,2,2:59,"1,2"
333,22,2,8:34,"2,9"
334,22,2,15:26,"1,3"
335,22,2,21:07,"2,6"
336,23,2,3:44,"1,5"
337,23,2,9:38,"2,7"
338,23,2,16:23,"1,4"
339,23,2,22:26,"2,5"
340,24,2,4:46,"1,7"
341,24,2,11:01,"2,6"
342,24,2,17:40,"1,5"
343,24,2,n,n
344,25,2,0:06,"2,4"
345,25,2,6:18,"1,8"
346,25,2,12:40,"2,6"
347,25,2,19:22,"1,4"
348,26,2,2:00,"2,5"
349,26,2,8:01,"1,6"
350,26,2,14:17,"2,8"
351,26,2,20:49,"1,0"
352,27,2,3:19,"2,8"
353,27,2,9:15,"1,1"
354,27,2,15:30,"3,1"
355,27,2,21:52,"0,6"
356,28,2,4:16,"3,1"
357,28,2,10:13,"0,7"
358,28,2,16:28,"3,4"
359,28,2,22:44,"0,2"
360,29,2,6:00,"3,4"
361,29,2,12:02,"0,1"
362,29,2,18:14,"3,6"
363,29,2,n,n
364,30,2,0:29,"-0,3"
365,30,2,6:44,"3,5"
366,30,2,12:46,"0,1"
367,30,2,18:58,"3,6"
368,31,2,1:09,"-0,2"
369,31,2,7:23,"3,5"
370,31,2,13:26,"0,1"
371,31,2,19:38,"3,5"
372,32,2,1:46,"-0,1"
373,32,2,7:59,"3,4"
374,32,2,14:03,"0,3"
375,32,2,20:15,"3,4"
376,33,2,2:20,"0,2"
377,33,2,8:32,"3,2"
378,33,2,14:37,"0,5"
379,33,2,20:51,"3,2"
380,34,2,2:51,"0,5"
381,34,2,9:05,"3,1"
382,34,2,15:11,"0,7"
383,34,2,21:28,"3,0"
384,35,2,3:23,"0,7"
385,35,2,9:40,"3,0"
386,35,2,15:48,"0,9"
387,35,2,22:11,"2,8"
388,36,2,4:00,"1,0"
389,36,2,10:23,"2,8"
390,36,2,16:33,"1,1"
391,36,2,23:03,"2,7"
392,37,2,4:47,"1,3"
393,37,2,11:16,"2,7"
394,37,2,17:30,"1,3"
395,37,2,n,n
396,38,2,0:06,"2,6"
397,38,2,5:46,"1,4"
398,38,2,12:18,"2,7"
399,38,2,18:41,"1,3"
400,39,2,1:17,"2,6"
401,39,2,6:55,"1,4"
402,39,2,13:23,"2,7"
403,39,2,19:54,"1,2"
404,40,2,2:23,"2,6"
405,40,2,8:02,"1,4"
406,40,2,14:20,"2,8"
407,40,2,20:56,"1,1"
408,41,2,3:16,"2,8"
409,41,2,8:59,"1,2"
410,41,2,15:08,"2,9"
411,41,2,21:47,"0,9"
412,42,2,3:59,"2,9"
413,42,2,9:49,"1,0"
414,42,2,15:50,"3,1"
415,42,2,22:32,"0,7"
416,43,2,4:37,"3,0"
417,43,2,10:36,"0,8"
418,43,2,16:29,"3,2"
419,43,2,23:14,"0,5"
420,44,2,5:13,"3,1"
421,44,2,11:20,"0,7"
422,44,2,17:06,"3,3"
423,44,2,23:54,"0,5"
424,45,2,5:48,"3,2"
425,45,2,12:03,"0,6"
426,45,2,17:42,"3,3"
427,45,2,n,n
428,46,2,0:33,"0,5"
429,46,2,6:20,"3,2"
430,46,2,12:44,"0,7"
431,46,2,18:16,"3,3"
432,47,2,1:11,"0,5"
433,47,2,6:51,"3,2"
434,47,2,13:23,"0,7"
435,47,2,18:49,"3,2"
436,48,2,1:47,"0,7"
437,48,2,7:18,"3,1"
438,48,2,14:02,"0,9"
439,48,2,19:23,"3,0"
440,49,2,2:22,"1,0"
441,49,2,7:50,"3,0"
442,49,2,14:42,"1,1"
443,49,2,20:07,"2,8"
444,50,2,2:59,"1,2"
445,50,2,8:34,"2,9"
446,50,2,15:26,"1,3"
447,50,2,21:07,"2,6"
448,51,2,3:44,"1,5"
449,51,2,9:38,"2,7"
450,51,2,16:23,"1,4"
451,51,2,22:26,"2,5"
452,52,2,4:46,"1,7"
453,52,2,11:01,"2,6"
454,52,2,17:40,"1,5"
455,52,2,n,n
456,53,2,0:06,"2,4"
457,53,2,6:18,"1,8"
458,53,2,12:40,"2,6"
459,53,2,19:22,"1,4"
460,54,2,2:00,"2,5"
461,54,2,8:01,"1,6"
462,54,2,14:17,"2,8"
463,54,2,20:49,"1,0"
464,55,2,3:19,"2,8"
465,55,2,9:15,"1,1"
466,55,2,15:30,"3,1"
467,55,2,21:52,"0,6"
468,56,2,4:16,"3,1"
469,56,2,10:13,"0,7"
470,56,2,16:28,"3,4"
471,56,2,22:44,"0,2"
472,1,3,5:05,"3,4"
473,1,3,11:03,"0,3"
474,1,3,17:18,"3,5"
475,1,3,23:30,"-0,1"
476,2,3,5:48,"3,5"
477,2,3,11:47,"0,1"
478,2,3,18:02,"3,7"
479,2,3,n,n
480,3,3,0:10,"-0,2"
481,3,3,6:26,"3,6"
482,3,3,12:27,"0,0"
483,3,3,18:41,"3,7"
484,4,3,0:47,"-0,1"
485,4,3,7:00,"3,6"
486,4,3,13:03,"0,1"
487,4,3,19:16,"3,6"
488,5,3,1:19,"0,0"
489,5,3,7:30,"3,5"
490,5,3,13:36,"0,2"
491,5,3,19:47,"3,5"
492,6,3,1:48,"0,2"
493,6,3,7:56,"3,4"
494,6,3,14:05,"0,4"
495,6,3,20:17,"3,3"
496,7,3,2:14,"0,5"
497,7,3,8:21,"3,2"
498,7,3,14:33,"0,6"
499,7,3,20:47,"3,1"
500,8,3,2:42,"0,8"
501,8,3,8:50,"3,1"
502,8,3,15:04,"0,8"
503,8,3,21:22,"2,9"
504,9,3,3:13,"1,1"
505,9,3,9:26,"2,9"
506,9,3,15:40,"1,1"
507,9,3,22:06,"2,7"
508,10,3,3:53,"1,4"
509,10,3,10:14,"2,7"
510,10,3,16:26,"1,4"
511,10,3,23:03,"2,5"
512,11,3,4:45,"1,6"
513,11,3,11:15,"2,6"
514,11,3,17:28,"1,6"
515,11,3,n,n
516,12,3,0:17,"2,4"
517,12,3,5:54,"1,7"
518,12,3,12:26,"2,6"
519,12,3,18:52,"1,6"
520,13,3,1:38,"2,5"
521,13,3,7:16,"1,7"
522,13,3,13:35,"2,7"
523,13,3,20:18,"1,4"
524,14,3,2:41,"2,6"
525,14,3,8:27,"1,4"
526,14,3,14:32,"2,9"
527,14,3,21:16,"1,1"
528,15,3,3:28,"2,8"
529,15,3,9:23,"1,1"
530,15,3,15:21,"3,1"
531,15,3,22:05,"0,9"
532,16,3,4:09,"3,0"
533,16,3,10:13,"0,9"
534,16,3,16:06,"3,2"
535,16,3,22:49,"0,7"
536,17,3,4:48,"3,2"
537,17,3,11:01,"0,7"
538,17,3,16:49,"3,3"
539,17,3,23:32,"0,6"
540,18,3,5:25,"3,3"
541,18,3,11:46,"0,6"
542,18,3,17:31,"3,3"
543,18,3,n,n
544,19,3,0:13,"0,5"
545,19,3,6:01,"3,3"
546,19,3,12:29,"0,6"
547,19,3,18:11,"3,3"
548,20,3,0:53,"0,6"
549,20,3,6:33,"3,2"
550,20,3,13:10,"0,6"
551,20,3,18:48,"3,2"
552,21,3,1:30,"0,8"
553,21,3,7:04,"3,2"
554,21,3,13:50,"0,7"
555,21,3,19:26,"3,0"
556,22,3,2:08,"1,0"
557,22,3,7:38,"3,0"
558,22,3,14:30,"0,9"
559,22,3,20:11,"2,8"
560,23,3,2:46,"1,3"
561,23,3,8:24,"2,9"
562,23,3,15:14,"1,2"
563,23,3,21:06,"2,6"
564,24,3,3:31,"1,6"
565,24,3,9:28,"2,7"
566,24,3,16:08,"1,4"
567,24,3,22:19,"2,4"
568,25,3,4:32,"1,8"
569,25,3,10:50,"2,6"
570,25,3,17:26,"1,5"
571,25,3,n,n
572,26,3,0:03,"2,4"
573,26,3,6:13,"1,9"
574,26,3,12:36,"2,6"
575,26,3,19:16,"1,4"
576,27,3,2:00,"2,5"
577,27,3,7:58,"1,6"
578,27,3,14:13,"2,8"
579,27,3,20:37,"1,0"
580,28,3,3:09,"2,9"
581,28,3,9:04,"1,1"
582,28,3,15:20,"3,1"
583,28,3,21:35,"0,6"
584,29,3,4:01,"3,2"
585,29,3,9:57,"0,6"
586,29,3,16:14,"3,3"
587,29,3,22:23,"0,3"
588,30,3,4:45,"3,4"
589,30,3,10:43,"0,3"
590,30,3,17:00,"3,5"
591,30,3,23:06,"0,1"
592,31,3,5:25,"3,6"
593,31,3,11:24,"0,0"
594,31,3,17:40,"3,6"
595,31,3,23:44,"0,0"
596,32,3,5:05,"3,4"
597,32,3,11:03,"0,3"
598,32,3,17:18,"3,5"
599,32,3,23:30,"-0,1"
600,33,3,5:48,"3,5"
601,33,3,11:47,"0,1"
602,33,3,18:02,"3,7"
603,33,3,n,n
604,34,3,0:10,"-0,2"
605,34,3,6:26,"3,6"
606,34,3,12:27,"0,0"
607,34,3,18:41,"3,7"
608,35,3,0:47,"-0,1"
609,35,3,7:00,"3,6"
610,35,3,13:03,"0,1"
611,35,3,19:16,"3,6"
612,36,3,1:19,"0,0"
613,36,3,7:30,"3,5"
614,36,3,13:36,"0,2"
615,36,3,19:47,"3,5"
616,37,3,1:48,"0,2"
617,37,3,7:56,"3,4"
618,37,3,14:05,"0,4"
619,37,3,20:17,"3,3"
620,38,3,2:14,"0,5"
621,38,3,8:21,"3,2"
622,38,3,14:33,"0,6"
623,38,3,20:47,"3,1"
624,39,3,2:42,"0,8"
625,39,3,8:50,"3,1"
626,39,3,15:04,"0,8"
627,39,3,21:22,"2,9"
628,40,3,3:13,"1,1"
629,40,3,9:26,"2,9"
630,40,3,15:40,"1,1"
631,40,3,22:06,"2,7"
632,41,3,3:53,"1,4"
633,41,3,10:14,"2,7"
634,41,3,16:26,"1,4"
635,41,3,23:03,"2,5"
636,42,3,4:45,"1,6"
637,42,3,11:15,"2,6"
638,42,3,17:28,"1,6"
639,42,3,n,n
640,43,3,0:17,"2,4"
641,43,3,5:54,"1,7"
642,43,3,12:26,"2,6"
643,43,3,18:52,"1,6"
644,44,3,1:38,"2,5"
645,44,3,7:16,"1,7"
646,44,3,13:35,"2,7"
647,44,3,20:18,"1,4"
648,45,3,2:41,"2,6"
649,45,3,8:27,"1,4"
650,45,3,14:32,"2,9"
651,45,3,21:16,"1,1"
652,46,3,3:28,"2,8"
653,46,3,9:23,"1,1"
654,46,3,15:21,"3,1"
655,46,3,22:05,"0,9"
656,47,3,4:09,"3,0"
657,47,3,10:13,"0,9"
658,47,3,16:06,"3,2"
659,47,3,22:49,"0,7"
660,48,3,4:48,"3,2"
661,48,3,11:01,"0,7"
662,48,3,16:49,"3,3"
663,48,3,23:32,"0,6"
664,49,3,5:25,"3,3"
665,49,3,11:46,"0,6"
666,49,3,17:31,"3,3"
667,49,3,n,n
668,50,3,0:13,"0,5"
669,50,3,6:01,"3,3"
670,50,3,12:29,"0,6"
671,50,3,18:11,"3,3"
672,51,3,0:53,"0,6"
673,51,3,6:33,"3,2"
674,51,3,13:10,"0,6"
675,51,3,18:48,"3,2"
676,52,3,1:30,"0,8"
677,52,3,7:04,"3,2"
678,52,3,13:50,"0,7"
679,52,3,19:26,"3,0"
680,53,3,2:08,"1,0"
681,53,3,7:38,"3,0"
682,53,3,14:30,"0,9"
683,53,3,20:11,"2,8"
684,54,3,2:46,"1,3"
685,54,3,8:24,"2,9"
686,54,3,15:14,"1,2"
687,54,3,21:06,"2,6"
688,55,3,3:31,"1,6"
689,55,3,9:28,"2,7"
690,55,3,16:08,"1,4"
691,55,3,22:19,"2,4"
692,56,3,4:32,"1,8"
693,56,3,10:50,"2,6"
694,56,3,17:26,"1,5"
695,56,3,n,n
696,57,3,0:03,"2,4"
697,57,3,6:13,"1,9"
698,57,3,12:36,"2,6"
699,57,3,19:16,"1,4"
700,58,3,2:00,"2,5"
701,58,3,7:58,"1,6"
702,58,3,14:13,"2,8"
703,58,3,20:37,"1,0"
704,59,3,3:09,"2,9"
705,59,3,9:04,"1,1"
706,59,3,15:20,"3,1"
707,59,3,21:35,"0,6"
708,60,3,4:01,"3,2"
709,60,3,9:57,"0,6"
710,60,3,16:14,"3,3"
711,60,3,22:23,"0,3"
712,61,3,4:45,"3,4"
713,61,3,10:43,"0,3"
714,61,3,17:00,"3,5"
715,61,3,23:06,"0,1"
716,62,3,5:25,"3,6"
717,62,3,11:24,"0,0"
718,62,3,17:40,"3,6"
719,62,3,23:44,"0,0"
720,1,4,5:05,"3,4"
721,1,4,11:03,"0,3"
722,1,4,17:18,"3,5"
723,1,4,23:30,"-0,1"
724,2,4,5:48,"3,5"
725,2,4,11:47,"0,1"
726,2,4,18:02,"3,7"
727,2,4,n,n
728,3,4,0:10,"-0,2"
729,3,4,6:26,"3,6"
730,3,4,12:27,"0,0"
731,3,4,18:41,"3,7"
732,4,4,0:47,"-0,1"
733,4,4,7:00,"3,6"
734,4,4,13:03,"0,1"
735,4,4,19:16,"3,6"
736,5,4,1:19,"0,0"
737,5,4,7:30,"3,5"
738,5,4,13:36,"0,2"
739,5,4,19:47,"3,5"
740,6,4,1:48,"0,2"
741,6,4,7:56,"3,4"
742,6,4,14:05,"0,4"
743,6,4,20:17,"3,3"
744,7,4,2:14,"0,5"
745,7,4,8:21,"3,2"
746,7,4,14:33,"0,6"
747,7,4,20:47,"3,1"
748,8,4,2:42,"0,8"
749,8,4,8:50,"3,1"
750,8,4,15:04,"0,8"
751,8,4,21:22,"2,9"
752,9,4,3:13,"1,1"
753,9,4,9:26,"2,9"
754,9,4,15:40,"1,1"
755,9,4,22:06,"2,7"
756,10,4,3:53,"1,4"
757,10,4,10:14,"2,7"
758,10,4,16:26,"1,4"
759,10,4,23:03,"2,5"
760,11,4,4:45,"1,6"
761,11,4,11:15,"2,6"
762,11,4,17:28,"1,6"
763,11,4,n,n
764,12,4,0:17,"2,4"
765,12,4,5:54,"1,7"
766,12,4,12:26,"2,6"
767,12,4,18:52,"1,6"
768,13,4,1:38,"2,5"
769,13,4,7:16,"1,7"
770,13,4,13:35,"2,7"
771,13,4,20:18,"1,4"
772,14,4,2:41,"2,6"
773,14,4,8:27,"1,4"
774,14,4,14:32,"2,9"
775,14,4,21:16,"1,1"
776,15,4,3:28,"2,8"
777,15,4,9:23,"1,1"
778,15,4,15:21,"3,1"
779,15,4,22:05,"0,9"
780,16,4,4:09,"3,0"
781,16,4,10:13,"0,9"
782,16,4,16:06,"3,2"
783,16,4,22:49,"0,7"
784,17,4,4:48,"3,2"
785,17,4,11:01,"0,7"
786,17,4,16:49,"3,3"
787,17,4,23:32,"0,6"
788,18,4,5:25,"3,3"
789,18,4,11:46,"0,6"
790,18,4,17:31,"3,3"
791,18,4,n,n
792,19,4,0:13,"0,5"
793,19,4,6:01,"3,3"
794,19,4,12:29,"0,6"
795,19,4,18:11,"3,3"
796,20,4,0:53,"0,6"
797,20,4,6:33,"3,2"
798,20,4,13:10,"0,6"
799,20,4,18:48,"3,2"
800,21,4,1:30,"0,8"
801,21,4,7:04,"3,2"
802,21,4,13:50,"0,7"
803,21,4,19:26,"3,0"
804,22,4,2:08,"1,0"
805,22,4,7:38,"3,0"
806,22,4,14:30,"0,9"
807,22,4,20:11,"2,8"
808,23,4,2:46,"1,3"
809,23,4,8:24,"2,9"
810,23,4,15:14,"1,2"
811,23,4,21:06,"2,6"
812,24,4,3:31,"1,6"
813,24,4,9:28,"2,7"
814,24,4,16:08,"1,4"
815,24,4,22:19,"2,4"
816,25,4,4:32,"1,8"
817,25,4,10:50,"2,6"
818,25,4,17:26,"1,5"
819,25,4,n,n
820,26,4,0:03,"2,4"
821,26,4,6:13,"1,9"
822,26,4,12:36,"2,6"
823,26,4,19:16,"1,4"
824,27,4,2:00,"2,5"
825,27,4,7:58,"1,6"
826,27,4,14:13,"2,8"
827,27,4,20:37,"1,0"
828,28,4,3:09,"2,9"
829,28,4,9:04,"1,1"
830,28,4,15:20,"3,1"
831,28,4,21:35,"0,6"
832,29,4,4:01,"3,2"
833,29,4,9:57,"0,6"
834,29,4,16:14,"3,3"
835,29,4,22:23,"0,3"
836,30,4,4:45,"3,4"
837,30,4,10:43,"0,3"
838,30,4,17:00,"3,5"
839,30,4,23:06,"0,1"
840,31,4,5:25,"3,6"
841,31,4,11:24,"0,0"
842,31,4,17:40,"3,6"
843,31,4,23:44,"0,0"
844,32,4,5:05,"3,4"
845,32,4,11:03,"0,3"
846,32,4,17:18,"3,5"
847,32,4,23:30,"-0,1"
848,33,4,5:48,"3,5"
849,33,4,11:47,"0,1"
850,33,4,18:02,"3,7"
851,33,4,n,n
852,34,4,0:10,"-0,2"
853,34,4,6:26,"3,6"
854,34,4,12:27,"0,0"
855,34,4,18:41,"3,7"
856,35,4,0:47,"-0,1"
857,35,4,7:00,"3,6"
858,35,4,13:03,"0,1"
859,35,4,19:16,"3,6"
860,36,4,1:19,"0,0"
861,36,4,7:30,"3,5"
862,36,4,13:36,"0,2"
863,36,4,19:47,"3,5"
864,37,4,1:48,"0,2"
865,37,4,7:56,"3,4"
866,37,4,14:05,"0,4"
867,37,4,20:17,"3,3"
868,38,4,2:14,"0,5"
869,38,4,8:21,"3,2"
870,38,4,14:33,"0,6"
871,38,4,20:47,"3,1"
872,39,4,2:42,"0,8"
873,39,4,8:50,"3,1"
874,39,4,15:04,"0,8"
875,39,4,21:22,"2,9"
876,40,4,3:13,"1,1"
877,40,4,9:26,"2,9"
878,40,4,15:40,"1,1"
879,40,4,22:06,"2,7"
880,41,4,3:53,"1,4"
881,41,4,10:14,"2,7"
882,41,4,16:26,"1,4"
883,41,4,23:03,"2,5"
884,42,4,4:45,"1,6"
885,42,4,11:15,"2,6"
886,42,4,17:28,"1,6"
887,42,4,n,n
888,43,4,0:17,"2,4"
889,43,4,5:54,"1,7"
890,43,4,12:26,"2,6"
891,43,4,18:52,"1,6"
892,44,4,1:38,"2,5"
893,44,4,7:16,"1,7"
894,44,4,13:35,"2,7"
895,44,4,20:18,"1,4"
896,45,4,2:41,"2,6"
897,45,4,8:27,"1,4"
898,45,4,14:32,"2,9"
899,45,4,21:16,"1,1"
900,46,4,3:28,"2,8"
901,46,4,9:23,"1,1"
902,46,4,15:21,"3,1"
903,46,4,22:05,"0,9"
904,47,4,4:09,"3,0"
905,47,4,10:13,"0,9"
906,47,4,16:06,"3,2"
907,47,4,22:49,"0,7"
908,48,4,4:48,"3,2"
909,48,4,11:01,"0,7"
910,48,4,16:49,"3,3"
911,48,4,23:32,"0,6"
912,49,4,5:25,"3,3"
913,49,4,11:46,"0,6"
914,49,4,17:31,"3,3"
915,49,4,n,n
916,50,4,0:13,"0,5"
917,50,4,6:01,"3,3"
918,50,4,12:29,"0,6"
919,50,4,18:11,"3,3"
920,51,4,0:53,"0,6"
921,51,4,6:33,"3,2"
922,51,4,13:10,"0,6"
923,51,4,18:48,"3,2"
924,52,4,1:30,"0,8"
925,52,4,7:04,"3,2"
926,52,4,13:50,"0,7"
927,52,4,19:26,"3,0"
928,53,4,2:08,"1,0"
929,53,4,7:38,"3,0"
930,53,4,14:30,"0,9"
931,53,4,20:11,"2,8"
932,54,4,2:46,"1,3"
933,54,4,8:24,"2,9"
934,54,4,15:14,"1,2"
935,54,4,21:06,"2,6"
936,55,4,3:31,"1,6"
937,55,4,9:28,"2,7"
938,55,4,16:08,"1,4"
939,55,4,22:19,"2,4"
940,56,4,4:32,"1,8"
941,56,4,10:50,"2,6"
942,56,4,17:26,"1,5"
943,56,4,n,n
944,57,4,0:03,"2,4"
945,57,4,6:13,"1,9"
946,57,4,12:36,"2,6"
947,57,4,19:16,"1,4"
948,58,4,2:00,"2,5"
949,58,4,7:58,"1,6"
950,58,4,14:13,"2,8"
951,58,4,20:37,"1,0"
952,59,4,3:09,"2,9"
953,59,4,9:04,"1,1"
954,59,4,15:20,"3,1"
955,59,4,21:35,"0,6"
956,60,4,4:01,"3,2"
957,60,4,9:57,"0,6"
958,60,4,16:14,"3,3"
959,60,4,22:23,"0,3"
960,61,4,4:45,"3,4"
961,61,4,10:43,"0,3"
962,61,4,17:00,"3,5"
963,61,4,23:06,"0,1"
964,62,4,5:25,"3,6"
965,62,4,11:24,"0,0"
966,62,4,17:40,"3,6"
967,62,4,23:44,"0,0"
968,1,5,5:05,"3,4"
969,1,5,11:03,"0,3"
970,1,5,17:18,"3,5"
971,1,5,23:30,"-0,1"
972,2,5,5:48,"3,5"
973,2,5,11:47,"0,1"
974,2,5,18:02,"3,7"
975,2,5,n,n
976,3,5,0:10,"-0,2"
977,3,5,6:26,"3,6"
978,3,5,12:27,"0,0"
979,3,5,18:41,"3,7"
980,4,5,0:47,"-0,1"
981,4,5,7:00,"3,6"
982,4,5,13:03,"0,1"
983,4,5,19:16,"3,6"
984,5,5,1:19,"0,0"
985,5,5,7:30,"3,5"
986,5,5,13:36,"0,2"
987,5,5,19:47,"3,5"
988,6,5,1:48,"0,2"
989,6,5,7:56,"3,4"
990,6,5,14:05,"0,4"
991,6,5,20:17,"3,3"
992,7,5,2:14,"0,5"
993,7,5,8:21,"3,2"
994,7,5,14:33,"0,6"
995,7,5,20:47,"3,1"
996,8,5,2:42,"0,8"
997,8,5,8:50,"3,1"
998,8,5,15:04,"0,8"
999,8,5,21:22,"2,9"
1000,9,5,3:13,"1,1"
1001,9,5,9:26,"2,9"
1002,9,5,15:40,"1,1"
1003,9,5,22:06,"2,7"
1004,10,5,3:53,"1,4"
1005,10,5,10:14,"2,7"
1006,10,5,16:26,"1,4"
1007,10,5,23:03,"2,5"
1008,11,5,4:45,"1,6"
1009,11,5,11:15,"2,6"
1010,11,5,17:28,"1,6"
1011,11,5,n,n
1012,12,5,0:17,"2,4"
1013,12,5,5:54,"1,7"
1014,12,5,12:26,"2,6"
1015,12,5,18:52,"1,6"
1016,13,5,1:38,"2,5"
1017,13,5,7:16,"1,7"
1018,13,5,13:35,"2,7"
1019,13,5,20:18,"1,4"
1020,14,5,2:41,"2,6"
1021,14,5,8:27,"1,4"
1022,14,5,14:32,"2,9"
1023,14,5,21:16,"1,1"
1024,15,5,3:28,"2,8"
1025,15,5,9:23,"1,1"
1026,15,5,15:21,"3,1"
1027,15,5,22:05,"0,9"
1028,16,5,4:09,"3,0"
1029,16,5,10:13,"0,9"
1030,16,5,16:06,"3,2"
1031,16,5,22:49,"0,7"
1032,17,5,4:48,"3,2"
1033,17,5,11:01,"0,7"
1034,17,5,16:49,"3,3"
1035,17,5,23:32,"0,6"
1036,18,5,5:25,"3,3"
1037,18,5,11:46,"0,6"
1038,18,5,17:31,"3,3"
1039,18,5,n,n
1040,19,5,0:13,"0,5"
1041,19,5,6:01,"3,3"
1042,19,5,12:29,"0,6"
1043,19,5,18:11,"3,3"
1044,20,5,0:53,"0,6"
1045,20,5,6:33,"3,2"
1046,20,5,13:10,"0,6"
1047,20,5,18:48,"3,2"
1048,21,5,1:30,"0,8"
1049,21,5,7:04,"3,2"
1050,21,5,13:50,"0,7"
1051,21,5,19:26,"3,0"
1052,22,5,2:08,"1,0"
1053,22,5,7:38,"3,0"
1054,22,5,14:30,"0,9"
1055,22,5,20:11,"2,8"
1056,23,5,2:46,"1,3"
1057,23,5,8:24,"2,9"
1058,23,5,15:14,"1,2"
1059,23,5,21:06,"2,6"
1060,24,5,3:31,"1,6"
1061,24,5,9:28,"2,7"
1062,24,5,16:08,"1,4"
1063,24,5,22:19,"2,4"
1064,25,5,4:32,"1,8"
1065,25,5,10:50,"2,6"
1066,25,5,17:26,"1,5"
1067,25,5,n,n
1068,26,5,0:03,"2,4"
1069,26,5,6:13,"1,9"
1070,26,5,12:36,"2,6"
1071,26,5,19:16,"1,4"
1072,27,5,2:00,"2,5"
1073,27,5,7:58,"1,6"
1074,27,5,14:13,"2,8"
1075,27,5,20:37,"1,0"
1076,28,5,3:09,"2,9"
1077,28,5,9:04,"1,1"
1078,28,5,15:20,"3,1"
1079,28,5,21:35,"0,6"
1080,29,5,4:01,"3,2"
1081,29,5,9:57,"0,6"
1082,29,5,16:14,"3,3"
1083,29,5,22:23,"0,3"
1084,30,5,4:45,"3,4"
1085,30,5,10:43,"0,3"
1086,30,5,17:00,"3,5"
1087,30,5,23:06,"0,1"
1088,31,5,5:25,"3,6"
1089,31,5,11:24,"0,0"
1090,31,5,17:40,"3,6"
1091,31,5,23:44,"0,0"
1092,32,5,5:05,"3,4"
1093,32,5,11:03,"0,3"
1094,32,5,17:18,"3,5"
1095,32,5,23:30,"-0,1"
1096,33,5,5:48,"3,5"
1097,33,5,11:47,"0,1"
1098,33,5,18:02,"3,7"
1099,33,5,n,n
1100,34,5,0:10,"-0,2"
1101,34,5,6:26,"3,6"
1102,34,5,12:27,"0,0"
1103,34,5,18:41,"3,7"
1104,35,5,0:47,"-0,1"
1105,35,5,7:00,"3,6"
1106,35,5,13:03,"0,1"
1107,35,5,19:16,"3,6"
1108,36,5,1:19,"0,0"
1109,36,5,7:30,"3,5"
1110,36,5,13:36,"0,2"
1111,36,5,19:47,"3,5"
1112,37,5,1:48,"0,2"
1113,37,5,7:56,"3,4"
1114,37,5,14:05,"0,4"
1115,37,5,20:17,"3,3"
1116,38,5,2:14,"0,5"
1117,38,5,8:21,"3,2"
1118,38,5,14:33,"0,6"
1119,38,5,20:47,"3,1"
1120,39,5,2:42,"0,8"
1121,39,5,8:50,"3,1"
1122,39,5,15:04,"0,8"
1123,39,5,21:22,"2,9"
1124,40,5,3:13,"1,1"
1125,40,5,9:26,"2,9"
1126,40,5,15:40,"1,1"
1127,40,5,22:06,"2,7"
1128,41,5,3:53,"1,4"
1129,41,5,10:14,"2,7"
1130,41,5,16:26,"1,4"
1131,41,5,23:03,"2,5"
1132,42,5,4:45,"1,6"
1133,42,5,11:15,"2,6"
1134,42,5,17:28,"1,6"
1135,42,5,n,n
1136,43,5,0:17,"2,4"
1137,43,5,5:54,"1,7"
1138,43,5,12:26,"2,6"
1139,43,5,18:52,"1,6"
1140,44,5,1:38,"2,5"
1141,44,5,7:16,"1,7"
1142,44,5,13:35,"2,7"
1143,44,5,20:18,"1,4"
1144,45,5,2:41,"2,6"
1145,45,5,8:27,"1,4"
1146,45,5,14:32,"2,9"
1147,45,5,21:16,"1,1"
1148,46,5,3:28,"2,8"
1149,46,5,9:23,"1,1"
1150,46,5,15:21,"3,1"
1151,46,5,22:05,"0,9"
1152,47,5,4:09,"3,0"
1153,47,5,10:13,"0,9"
1154,47,5,16:06,"3,2"
1155,47,5,22:49,"0,7"
1156,48,5,4:48,"3,2"
1157,48,5,11:01,"0,7"
1158,48,5,16:49,"3,3"
1159,48,5,23:32,"0,6"
1160,49,5,5:25,"3,3"
1161,49,5,11:46,"0,6"
1162,49,5,17:31,"3,3"
1163,49,5,n,n
1164,50,5,0:13,"0,5"
1165,50,5,6:01,"3,3"
1166,50,5,12:29,"0,6"
1167,50,5,18:11,"3,3"
1168,51,5,0:53,"0,6"
1169,51,5,6:33,"3,2"
1170,51,5,13:10,"0,6"
1171,51,5,18:48,"3,2"
1172,52,5,1:30,"0,8"
1173,52,5,7:04,"3,2"
1174,52,5,13:50,"0,7"
1175,52,5,19:26,"3,0"
1176,53,5,2:08,"1,0"
1177,53,5,7:38,"3,0"
1178,53,5,14:30,"0,9"
1179,53,5,20:11,"2,8"
1180,54,5,2:46,"1,3"
1181,54,5,8:24,"2,9"
1182,54,5,15:14,"1,2"
1183,54,5,21:06,"2,6"
1184,55,5,3:31,"1,6"
1185,55,5,9:28,"2,7"
1186,55,5,16:08,"1,4"
1187,55,5,22:19,"2,4"
1188,56,5,4:32,"1,8"
1189,56,5,10:50,"2,6"
1190,56,5,17:26,"1,5"
1191,56,5,n,n
1192,57,5,0:03,"2,4"
1193,57,5,6:13,"1,9"
1194,57,5,12:36,"2,6"
1195,57,5,19:16,"1,4"
1196,58,5,2:00,"2,5"
1197,58,5,7:58,"1,6"
1198,58,5,14:13,"2,8"
1199,58,5,20:37,"1,0"
1200,59,5,3:09,"2,9"
1201,59,5,9:04,"1,1"
1202,59,5,15:20,"3,1"
1203,59,5,21:35,"0,6"
1204,60,5,4:01,"3,2"
1205,60,5,9:57,"0,6"
1206,60,5,16:14,"3,3"
1207,60,5,22:23,"0,3"
1208,61,5,4:45,"3,4"
1209,61,5,10:43,"0,3"
1210,61,5,17:00,"3,5"
1211,61,5,23:06,"0,1"
1212,62,5,5:25,"3,6"
1213,62,5,11:24,"0,0"
1214,62,5,17:40,"3,6"
1215,62,5,23:44,"0,0"
1216,1,6,5:05,"3,4"
1217,1,6,11:03,"0,3"
1218,1,6,17:18,"3,5"
1219,1,6,23:30,"-0,1"
1220,2,6,5:48,"3,5"
1221,2,6,11:47,"0,1"
1222,2,6,18:02,"3,7"
1223,2,6,n,n
1224,3,6,0:10,"-0,2"
1225,3,6,6:26,"3,6"
1226,3,6,12:27,"0,0"
1227,3,6,18:41,"3,7"
1228,4,6,0:47,"-0,1"
1229,4,6,7:00,"3,6"
1230,4,6,13:03,"0,1"
1231,4,6,19:16,"3,6"
1232,5,6,1:19,"0,0"
1233,5,6,7:30,"3,5"
1234,5,6,13:36,"0,2"
1235,5,6,19:47,"3,5"
1236,6,6,1:48,"0,2"
1237,6,6,7:56,"3,4"
1238,6,6,14:05,"0,4"
1239,6,6,20:17,"3,3"
1240,7,6,2:14,"0,5"
1241,7,6,8:21,"3,2"
1242,7,6,14:33,"0,6"
1243,7,6,20:47,"3,1"
1244,8,6,2:42,"0,8"
1245,8,6,8:50,"3,1"
1246,8,6,15:04,"0,8"
1247,8,6,21:22,"2,9"
1248,9,6,3:13,"1,1"
1249,9,6,9:26,"2,9"
1250,9,6,15:40,"1,1"
1251,9,6,22:06,"2,7"
1252,10,6,3:53,"1,4"
1253,10,6,10:14,"2,7"
1254,10,6,16:26,"1,4"
1255,10,6,23:03,"2,5"
1256,11,6,4:45,"1,6"
1257,11,6,11:15,"2,6"
1258,11,6,17:28,"1,6"
1259,11,6,n,n
1260,12,6,0:17,"2,4"
1261,12,6,5:54,"1,7"
1262,12,6,12:26,"2,6"
1263,12,6,18:52,"1,6"
1264,13,6,1:38,"2,5"
1265,13,6,7:16,"1,7"
1266,13,6,13:35,"2,7"
1267,13,6,20:18,"1,4"
1268,14,6,2:41,"2,6"
1269,14,6,8:27,"1,4"
1270,14,6,14:32,"2,9"
1271,14,6,21:16,"1,1"
1272,15,6,3:28,"2,8"
1273,15,6,9:23,"1,1"
1274,15,6,15:21,"3,1"
1275,15,6,22:05,"0,9"
1276,16,6,4:09,"3,0"
1277,16,6,10:13,"0,9"
1278,16,6,16:06,"3,2"
1279,16,6,22:49,"0,7"
1280,17,6,4:48,"3,2"
1281,17,6,11:01,"0,7"
1282,17,6,16:49,"3,3"
1283,17,6,23:32,"0,6"
1284,18,6,5:25,"3,3"
1285,18,6,11:46,"0,6"
1286,18,6,17:31,"3,3"
1287,18,6,n,n
1288,19,6,0:13,"0,5"
1289,19,6,6:01,"3,3"
1290,19,6,12:29,"0,6"
1291,19,6,18:11,"3,3"
1292,20,6,0:53,"0,6"
1293,20,6,6:33,"3,2"
1294,20,6,13:10,"0,6"
1295,20,6,18:48,"3,2"
1296,21,6,1:30,"0,8"
1297,21,6,7:04,"3,2"
1298,21,6,13:50,"0,7"
1299,21,6,19:26,"3,0"
1300,22,6,2:08,"1,0"
1301,22,6,7:38,"3,0"
1302,22,6,14:30,"0,9"
1303,22,6,20:11,"2,8"
1304,23,6,2:46,"1,3"
1305,23,6,8:24,"2,9"
1306,23,6,15:14,"1,2"
1307,23,6,21:06,"2,6"
1308,24,6,3:31,"1,6"
1309,24,6,9:28,"2,7"
1310,24,6,16:08,"1,4"
1311,24,6,22:19,"2,4"
1312,25,6,4:32,"1,8"
1313,25,6,10:50,"2,6"
1314,25,6,17:26,"1,5"
1315,25,6,n,n
1316,26,6,0:03,"2,4"
1317,26,6,6:13,"1,9"
1318,26,6,12:36,"2,6"
1319,26,6,19:16,"1,4"
1320,27,6,2:00,"2,5"
1321,27,6,7:58,"1,6"
1322,27,6,14:13,"2,8"
1323,27,6,20:37,"1,0"
1324,28,6,3:09,"2,9"
1325,28,6,9:04,"1,1"
1326,28,6,15:20,"3,1"
1327,28,6,21:35,"0,6"
1328,29,6,4:01,"3,2"
1329,29,6,9:57,"0,6"
1330,29,6,16:14,"3,3"
1331,29,6,22:23,"0,3"
1332,30,6,4:45,"3,4"
1333,30,6,10:43,"0,3"
1334,30,6,17:00,"3,5"
1335,30,6,23:06,"0,1"
1336,31,6,5:25,"3,6"
1337,31,6,11:24,"0,0"
1338,31,6,17:40,"3,6"
1339,31,6,23:44,"0,0"
1340,32,6,5:05,"3,4"
1341,32,6,11:03,"0,3"
1342,32,6,17:18,"3,5"
1343,32,6,23:30,"-0,1"
1344,33,6,5:48,"3,5"
1345,33,6,11:47,"0,1"
1346,33,6,18:02,"3,7"
1347,33,6,n,n
1348,34,6,0:10,"-0,2"
1349,34,6,6:26,"3,6"
1350,34,6,12:27,"0,0"
1351,34,6,18:41,"3,7"
1352,35,6,0:47,"-0,1"
1353,35,6,7:00,"3,6"
1354,35,6,13:03,"0,1"
1355,35,6,19:16,"3,6"
1356,36,6,1:19,"0,0"
1357,36,6,7:30,"3,5"
1358,36,6,13:36,"0,2"
1359,36,6,19:47,"3,5"
1360,37,6,1:48,"0,2"
1361,37,6,7:56,"3,4"
1362,37,6,14:05,"0,4"
1363,37,6,20:17,"3,3"
1364,38,6,2:14,"0,5"
1365,38,6,8:21,"3,2"
1366,38,6,14:33,"0,6"
1367,38,6,20:47,"3,1"
1368,39,6,2:42,"0,8"
1369,39,6,8:50,"3,1"
1370,39,6,15:04,"0,8"
1371,39,6,21:22,"2,9"
1372,40,6,3:13,"1,1"
1373,40,6,9:26,"2,9"
1374,40,6,15:40,"1,1"
1375,40,6,22:06,"2,7"
1376,41,6,3:53,"1,4"
1377,41,6,10:14,"2,7"
1378,41,6,16:26,"1,4"
1379,41,6,23:03,"2,5"
1380,42,6,4:45,"1,6"
1381,42,6,11:15,"2,6"
1382,42,6,17:28,"1,6"
1383,42,6,n,n
1384,43,6,0:17,"2,4"
1385,43,6,5:54,"1,7"
1386,43,6,12:26,"2,6"
1387,43,6,18:52,"1,6"
1388,44,6,1:38,"2,5"
1389,44,6,7:16,"1,7"
1390,44,6,13:35,"2,7"
1391,44,6,20:18,"1,4"
1392,45,6,2:41,"2,6"
1393,45,6,8:27,"1,4"
1394,45,6,14:32,"2,9"
1395,45,6,21:16,"1,1"
1396,46,6,3:28,"2,8"
1397,46,6,9:23,"1,1"
1398,46,6,15:21,"3,1"
1399,46,6,22:05,"0,9"
1400,47,6,4:09,"3,0"
1401,47,6,10:13,"0,9"
1402,47,6,16:06,"3,2"
1403,47,6,22:49,"0,7"
1404,48,6,4:48,"3,2"
1405,48,6,11:01,"0,7"
1406,48,6,16:49,"3,3"
1407,48,6,23:32,"0,6"
1408,49,6,5:25,"3,3"
1409,49,6,11:46,"0,6"
1410,49,6,17:31,"3,3"
1411,49,6,n,n
1412,50,6,0:13,"0,5"
1413,50,6,6:01,"3,3"
1414,50,6,12:29,"0,6"
1415,50,6,18:11,"3,3"
1416,51,6,0:53,"0,6"
1417,51,6,6:33,"3,2"
1418,51,6,13:10,"0,6"
1419,51,6,18:48,"3,2"
1420,52,6,1:30,"0,8"
1421,52,6,7:04,"3,2"
1422,52,6,13:50,"0,7"
1423,52,6,19:26,"3,0"
1424,53,6,2:08,"1,0"
1425,53,6,7:38,"3,0"
1426,53,6,14:30,"0,9"
1427,53,6,20:11,"2,8"
1428,54,6,2:46,"1,3"
1429,54,6,8:24,"2,9"
1430,54,6,15:14,"1,2"
1431,54,6,21:06,"2,6"
1432,55,6,3:31,"1,6"
1433,55,6,9:28,"2,7"
1434,55,6,16:08,"1,4"
1435,55,6,22:19,"2,4"
1436,56,6,4:32,"1,8"
1437,56,6,10:50,"2,6"
1438,56,6,17:26,"1,5"
1439,56,6,n,n
1440,57,6,0:03,"2,4"
1441,57,6,6:13,"1,9"
1442,57,6,12:36,"2,6"
1443,57,6,19:16,"1,4"
1444,58,6,2:00,"2,5"
1445,58,6,7:58,"1,6"
1446,58,6,14:13,"2,8"
1447,58,6,20:37,"1,0"
1448,59,6,3:09,"2,9"
1449,59,6,9:04,"1,1"
1450,59,6,15:20,"3,1"
1451,59,6,21:35,"0,6"
1452,60,6,4:01,"3,2"
1453,60,6,9:57,"0,6"
1454,60,6,16:14,"3,3"
1455,60,6,22:23,"0,3"
1456,61,6,4:45,"3,4"
1457,61,6,10:43,"0,3"
1458,61,6,17:00,"3,5"
1459,61,6,23:06,"0,1"
1460,62,6,5:25,"3,6"
1461,62,6,11:24,"0,0"
1462,62,6,17:40,"3,6"
1463,62,6,23:44,"0,0"
1464,1,7,5:05,"3,4"
1465,1,7,11:03,"0,3"
1466,1,7,17:18,"3,5"
1467,1,7,23:30,"-0,1"
1468,2,7,5:48,"3,5"
1469,2,7,11:47,"0,1"
1470,2,7,18:02,"3,7"
1471,2,7,n,n
1472,3,7,0:10,"-0,2"
1473,3,7,6:26,"3,6"
1474,3,7,12:27,"0,0"
1475,3,7,18:41,"3,7"
1476,4,7,0:47,"-0,1"
1477,4,7,7:00,"3,6"
1478,4,7,13:03,"0,1"
1479,4,7,19:16,"3,6"
1480,5,7,1:19,"0,0"
1481,5,7,7:30,"3,5"
1482,5,7,13:36,"0,2"
1483,5,7,19:47,"3,5"
1484,6,7,1:48,"0,2"
1485,6,7,7:56,"3,4"
1486,6,7,14:05,"0,4"
1487,6,7,20:17,"3,3"
1488,7,7,2:14,"0,5"
1489,7,7,8:21,"3,2"
1490,7,7,14:33,"0,6"
1491,7,7,20:47,"3,1"
1492,8,7,2:42,"0,8"
1493,8,7,8:50,"3,1"
1494,8,7,15:04,"0,8"
1495,8,7,21:22,"2,9"
1496,9,7,3:13,"1,1"
1497,9,7,9:26,"2,9"
1498,9,7,15:40,"1,1"
1499,9,7,22:06,"2,7"
1500,10,7,3:53,"1,4"
1501,10,7,10:14,"2,7"
1502,10,7,16:26,"1,4"
1503,10,7,23:03,"2,5"
1504,11,7,4:45,"1,6"
1505,11,7,11:15,"2,6"
1506,11,7,17:28,"1,6"
1507,11,7,n,n
1508,12,7,0:17,"2,4"
1509,12,7,5:54,"1,7"
1510,12,7,12:26,"2,6"
1511,12,7,18:52,"1,6"
1512,13,7,1:38,"2,5"
1513,13,7,7:16,"1,7"
1514,13,7,13:35,"2,7"
1515,13,7,20:18,"1,4"
1516,14,7,2:41,"2,6"
1517,14,7,8:27,"1,4"
1518,14,7,14:32,"2,9"
1519,14,7,21:16,"1,1"
1520,15,7,3:28,"2,8"
1521,15,7,9:23,"1,1"
1522,15,7,15:21,"3,1"
1523,15,7,22:05,"0,9"
1524,16,7,4:09,"3,0"
1525,16,7,10:13,"0,9"
1526,16,7,16:06,"3,2"
1527,16,7,22:49,"0,7"
1528,17,7,4:48,"3,2"
1529,17,7,11:01,"0,7"
1530,17,7,16:49,"3,3"
1531,17,7,23:32,"0,6"
1532,18,7,5:25,"3,3"
1533,18,7,11:46,"0,6"
1534,18,7,17:31,"3,3"
1535,18,7,n,n
1536,19,7,0:13,"0,5"
1537,19,7,6:01,"3,3"
1538,19,7,12:29,"0,6"
1539,19,7,18:11,"3,3"
1540,20,7,0:53,"0,6"
1541,20,7,6:33,"3,2"
1542,20,7,13:10,"0,6"
1543,20,7,18:48,"3,2"
1544,21,7,1:30,"0,8"
1545,21,7,7:04,"3,2"
1546,21,7,13:50,"0,7"
1547,21,7,19:26,"3,0"
1548,22,7,2:08,"1,0"
1549,22,7,7:38,"3,0"
1550,22,7,14:30,"0,9"
1551,22,7,20:11,"2,8"
1552,23,7,2:46,"1,3"
1553,23,7,8:24,"2,9"
1554,23,7,15:14,"1,2"
1555,23,7,21:06,"2,6"
1556,24,7,3:31,"1,6"
1557,24,7,9:28,"2,7"
1558,24,7,16:08,"1,4"
1559,24,7,22:19,"2,4"
1560,25,7,4:32,"1,8"
1561,25,7,10:50,"2,6"
1562,25,7,17:26,"1,5"
1563,25,7,n,n
1564,26,7,0:03,"2,4"
1565,26,7,6:13,"1,9"
1566,26,7,12:36,"2,6"
1567,26,7,19:16,"1,4"
1568,27,7,2:00,"2,5"
1569,27,7,7:58,"1,6"
1570,27,7,14:13,"2,8"
1571,27,7,20:37,"1,0"
1572,28,7,3:09,"2,9"
1573,28,7,9:04,"1,1"
1574,28,7,15:20,"3,1"
1575,28,7,21:35,"0,6"
1576,29,7,4:01,"3,2"
1577,29,7,9:57,"0,6"
1578,29,7,16:14,"3,3"
1579,29,7,22:23,"0,3"
1580,30,7,4:45,"3,4"
1581,30,7,10:43,"0,3"
1582,30,7,17:00,"3,5"
1583,30,7,23:06,"0,1"
1584,31,7,5:25,"3,6"
1585,31,7,11:24,"0,0"
1586,31,7,17:40,"3,6"
1587,31,7,23:44,"0,0"
1588,32,7,5:05,"3,4"
1589,32,7,11:03,"0,3"
1590,32,7,17:18,"3,5"
1591,32,7,23:30,"-0,1"
1592,33,7,5:48,"3,5"
1593,33,7,11:47,"0,1"
1594,33,7,18:02,"3,7"
1595,33,7,n,n
1596,34,7,0:10,"-0,2"
1597,34,7,6:26,"3,6"
1598,34,7,12:27,"0,0"
1599,34,7,18:41,"3,7"
1600,35,7,0:47,"-0,1"
1601,35,7,7:00,"3,6"
1602,35,7,13:03,"0,1"
1603,35,7,19:16,"3,6"
1604,36,7,1:19,"0,0"
1605,36,7,7:30,"3,5"
1606,36,7,13:36,"0,2"
1607,36,7,19:47,"3,5"
1608,37,7,1:48,"0,2"
1609,37,7,7:56,"3,4"
1610,37,7,14:05,"0,4"
1611,37,7,20:17,"3,3"
1612,38,7,2:14,"0,5"
1613,38,7,8:21,"3,2"
1614,38,7,14:33,"0,6"
1615,38,7,20:47,"3,1"
1616,39,7,2:42,"0,8"
1617,39,7,8:50,"3,1"
1618,39,7,15:04,"0,8"
1619,39,7,21:22,"2,9"
1620,40,7,3:13,"1,1"
1621,40,7,9:26,"2,9"
1622,40,7,15:40,"1,1"
1623,40,7,22:06,"2,7"
1624,41,7,3:53,"1,4"
1625,41,7,10:14,"2,7"
1626,41,7,16:26,"1,4"
1627,41,7,23:03,"2,5"
1628,42,7,4:45,"1,6"
1629,42,7,11:15,"2,6"
1630,42,7,17:28,"1,6"
1631,42,7,n,n
1632,43,7,0:17,"2,4"
1633,43,7,5:54,"1,7"
1634,43,7,12:26,"2,6"
1635,43,7,18:52,"1,6"
1636,44,7,1:38,"2,5"
1637,44,7,7:16,"1,7"
1638,44,7,13:35,"2,7"
1639,44,7,20:18,"1,4"
1640,45,7,2:41,"2,6"
1641,45,7,8:27,"1,4"
1642,45,7,14:32,"2,9"
1643,45,7,21:16,"1,1"
1644,46,7,3:28,"2,8"
1645,46,7,9:23,"1,1"
1646,46,7,15:21,"3,1"
1647,46,7,22:05,"0,9"
1648,47,7,4:09,"3,0"
1649,47,7,10:13,"0,9"
1650,47,7,16:06,"3,2"
1651,47,7,22:49,"0,7"
1652,48,7,4:48,"3,2"
1653,48,7,11:01,"0,7"
1654,48,7,16:49,"3,3"
1655,48,7,23:32,"0,6"
1656,49,7,5:25,"3,3"
1657,49,7,11:46,"0,6"
1658,49,7,17:31,"3,3"
1659,49,7,n,n
1660,50,7,0:13,"0,5"
1661,50,7,6:01,"3,3"
1662,50,7,12:29,"0,6"
1663,50,7,18:11,"3,3"
1664,51,7,0:53,"0,6"
1665,51,7,6:33,"3,2"
1666,51,7,13:10,"0,6"
1667,51,7,18:48,"3,2"
1668,52,7,1:30,"0,8"
1669,52,7,7:04,"3,2"
1670,52,7,13:50,"0,7"
1671,52,7,19:26,"3,0"
1672,53,7,2:08,"1,0"
1673,53,7,7:38,"3,0"
1674,53,7,14:30,"0,9"
1675,53,7,20:11,"2,8"
1676,54,7,2:46,"1,3"
1677,54,7,8:24,"2,9"
1678,54,7,15:14,"1,2"
1679,54,7,21:06,"2,6"
1680,55,7,3:31,"1,6"
1681,55,7,9:28,"2,7"
1682,55,7,16:08,"1,4"
1683,55,7,22:19,"2,4"
1684,56,7,4:32,"1,8"
1685,56,7,10:50,"2,6"
1686,56,7,17:26,"1,5"
1687,56,7,n,n
1688,57,7,0:03,"2,4"
1689,57,7,6:13,"1,9"
1690,57,7,12:36,"2,6"
1691,57,7,19:16,"1,4"
1692,58,7,2:00,"2,5"
1693,58,7,7:58,"1,6"
1694,58,7,14:13,"2,8"
1695,58,7,20:37,"1,0"
1696,59,7,3:09,"2,9"
1697,59,7,9:04,"1,1"
1698,59,7,15:20,"3,1"
1699,59,7,21:35,"0,6"
1700,60,7,4:01,"3,2"
1701,60,7,9:57,"0,6"
1702,60,7,16:14,"3,3"
1703,60,7,22:23,"0,3"
1704,61,7,4:45,"3,4"
1705,61,7,10:43,"0,3"
1706,61,7,17:00,"3,5"
1707,61,7,23:06,"0,1"
1708,62,7,5:25,"3,6"
1709,62,7,11:24,"0,0"
1710,62,7,17:40,"3,6"
1711,62,7,23:44,"0,0"
1712,1,8,5:05,"3,4"
1713,1,8,11:03,"0,3"
1714,1,8,17:18,"3,5"
1715,1,8,23:30,"-0,1"
1716,2,8,5:48,"3,5"
1717,2,8,11:47,"0,1"
1718,2,8,18:02,"3,7"
1719,2,8,n,n
1720,3,8,0:10,"-0,2"
1721,3,8,6:26,"3,6"
1722,3,8,12:27,"0,0"
1723,3,8,18:41,"3,7"
1724,4,8,0:47,"-0,1"
1725,4,8,7:00,"3,6"
1726,4,8,13:03,"0,1"
1727,4,8,19:16,"3,6"
1728,5,8,1:19,"0,0"
1729,5,8,7:30,"3,5"
1730,5,8,13:36,"0,2"
1731,5,8,19:47,"3,5"
1732,6,8,1:48,"0,2"
1733,6,8,7:56,"3,4"
1734,6,8,14:05,"0,4"
1735,6,8,20:17,"3,3"
1736,7,8,2:14,"0,5"
1737,7,8,8:21,"3,2"
1738,7,8,14:33,"0,6"
1739,7,8,20:47,"3,1"
1740,8,8,2:42,"0,8"
1741,8,8,8:50,"3,1"
1742,8,8,15:04,"0,8"
1743,8,8,21:22,"2,9"
1744,9,8,3:13,"1,1"
1745,9,8,9:26,"2,9"
1746,9,8,15:40,"1,1"
1747,9,8,22:06,"2,7"
1748,10,8,3:53,"1,4"
1749,10,8,10:14,"2,7"
1750,10,8,16:26,"1,4"
1751,10,8,23:03,"2,5"
1752,11,8,4:45,"1,6"
1753,11,8,11:15,"2,6"
1754,11,8,17:28,"1,6"
1755,11,8,n,n
1756,12,8,0:17,"2,4"
1757,12,8,5:54,"1,7"
1758,12,8,12:26,"2,6"
1759,12,8,18:52,"1,6"
1760,13,8,1:38,"2,5"
1761,13,8,7:16,"1,7"
1762,13,8,13:35,"2,7"
1763,13,8,20:18,"1,4"
1764,14,8,2:41,"2,6"
1765,14,8,8:27,"1,4"
1766,14,8,14:32,"2,9"
1767,14,8,21:16,"1,1"
1768,15,8,3:28,"2,8"
1769,15,8,9:23,"1,1"
1770,15,8,15:21,"3,1"
1771,15,8,22:05,"0,9"
1772,16,8,4:09,"3,0"
1773,16,8,10:13,"0,9"
1774,16,8,16:06,"3,2"
1775,16,8,22:49,"0,7"
1776,17,8,4:48,"3,2"
1777,17,8,11:01,"0,7"
1778,17,8,16:49,"3,3"
1779,17,8,23:32,"0,6"
1780,18,8,5:25,"3,3"
1781,18,8,11:46,"0,6"
1782,18,8,17:31,"3,3"
1783,18,8,n,n
1784,19,8,0:13,"0,5"
1785,19,8,6:01,"3,3"
1786,19,8,12:29,"0,6"
1787,19,8,18:11,"3,3"
1788,20,8,0:53,"0,6"
1789,20,8,6:33,"3,2"
1790,20,8,13:10,"0,6"
1791,20,8,18:48,"3,2"
1792,21,8,1:30,"0,8"
1793,21,8,7:04,"3,2"
1794,21,8,13:50,"0,7"
1795,21,8,19:26,"3,0"
1796,22,8,2:08,"1,0"
1797,22,8,7:38,"3,0"
1798,22,8,14:30,"0,9"
1799,22,8,20:11,"2,8"
1800,23,8,2:46,"1,3"
1801,23,8,8:24,"2,9"
1802,23,8,15:14,"1,2"
1803,23,8,21:06,"2,6"
1804,24,8,3:31,"1,6"
1805,24,8,9:28,"2,7"
1806,24,8,16:08,"1,4"
1807,24,8,22:19,"2,4"
1808,25,8,4:32,"1,8"
1809,25,8,10:50,"2,6"
1810,25,8,17:26,"1,5"
1811,25,8,n,n
1812,26,8,0:03,"2,4"
1813,26,8,6:13,"1,9"
1814,26,8,12:36,"2,6"
1815,26,8,19:16,"1,4"
1816,27,8,2:00,"2,5"
1817,27,8,7:58,"1,6"
1818,27,8,14:13,"2,8"
1819,27,8,20:37,"1,0"
1820,28,8,3:09,"2,9"
1821,28,8,9:04,"1,1"
1822,28,8,15:20,"3,1"
1823,28,8,21:35,"0,6"
1824,29,8,4:01,"3,2"
1825,29,8,9:57,"0,6"
1826,29,8,16:14,"3,3"
1827,29,8,22:23,"0,3"
1828,30,8,4:45,"3,4"
1829,30,8,10:43,"0,3"
1830,30,8,17:00,"3,5"
1831,30,8,23:06,"0,1"
1832,31,8,5:25,"3,6"
1833,31,8,11:24,"0,0"
1834,31,8,17:40,"3,6"
1835,31,8,23:44,"0,0"
1836,32,8,5:05,"3,4"
1837,32,8,11:03,"0,3"
1838,32,8,17:18,"3,5"
1839,32,8,23:30,"-0,1"
1840,33,8,5:48,"3,5"
1841,33,8,11:47,"0,1"
1842,33,8,18:02,"3,7"
1843,33,8,n,n
1844,34,8,0:10,"-0,2"
1845,34,8,6:26,"3,6"
1846,34,8,12:27,"0,0"
1847,34,8,18:41,"3,7"
1848,35,8,0:47,"-0,1"
1849,35,8,7:00,"3,6"
1850,35,8,13:03,"0,1"
1851,35,8,19:16,"3,6"
1852,36,8,1:19,"0,0"
1853,36,8,7:30,"3,5"
1854,36,8,13:36,"0,2"
1855,36,8,19:47,"3,5"
1856,37,8,1:48,"0,2"
1857,37,8,7:56,"3,4"
1858,37,8,14:05,"0,4"
1859,37,8,20:17,"3,3"
1860,38,8,2:14,"0,5"
1861,38,8,8:21,"3,2"
1862,38,8,14:33,"0,6"
1863,38,8,20:47,"3,1"
1864,39,8,2:42,"0,8"
1865,39,8,8:50,"3,1"
1866,39,8,15:04,"0,8"
1867,39,8,21:22,"2,9"
1868,40,8,3:13,"1,1"
1869,40,8,9:26,"2,9"
1870,40,8,15:40,"1,1"
1871,40,8,22:06,"2,7"
1872,41,8,3:53,"1,4"
1873,41,8,10:14,"2,7"
1874,41,8,16:26,"1,4"
1875,41,8,23:03,"2,5"
1876,42,8,4:45,"1,6"
1877,42,8,11:15,"2,6"
1878,42,8,17:28,"1,6"
1879,42,8,n,n
1880,43,8,0:17,"2,4"
1881,43,8,5:54,"1,7"
1882,43,8,12:26,"2,6"
1883,43,8,18:52,"1,6"
1884,44,8,1:38,"2,5"
1885,44,8,7:16,"1,7"
1886,44,8,13:35,"2,7"
1887,44,8,20:18,"1,4"
1888,45,8,2:41,"2,6"
1889,45,8,8:27,"1,4"
1890,45,8,14:32,"2,9"
1891,45,8,21:16,"1,1"
1892,46,8,3:28,"2,8"
1893,46,8,9:23,"1,1"
1894,46,8,15:21,"3,1"
1895,46,8,22:05,"0,9"
1896,47,8,4:09,"3,0"
1897,47,8,10:13,"0,9"
1898,47,8,16:06,"3,2"
1899,47,8,22:49,"0,7"
1900,48,8,4:48,"3,2"
1901,48,8,11:01,"0,7"
1902,48,8,16:49,"3,3"
1903,48,8,23:32,"0,6"
1904,49,8,5:25,"3,3"
1905,49,8,11:46,"0,6"
1906,49,8,17:31,"3,3"
1907,49,8,n,n
1908,50,8,0:13,"0,5"
1909,50,8,6:01,"3,3"
1910,50,8,12:29,"0,6"
1911,50,8,18:11,"3,3"
1912,51,8,0:53,"0,6"
1913,51,8,6:33,"3,2"
1914,51,8,13:10,"0,6"
1915,51,8,18:48,"3,2"
1916,52,8,1:30,"0,8"
1917,52,8,7:04,"3,2"
1918,52,8,13:50,"0,7"
1919,52,8,19:26,"3,0"
1920,53,8,2:08,"1,0"
1921,53,8,7:38,"3,0"
1922,53,8,14:30,"0,9"
1923,53,8,20:11,"2,8"
1924,54,8,2:46,"1,3"
1925,54,8,8:24,"2,9"
1926,54,8,15:14,"1,2"
1927,54,8,21:06,"2,6"
1928,55,8,3:31,"1,6"
1929,55,8,9:28,"2,7"
1930,55,8,16:08,"1,4"
1931,55,8,22:19,"2,4"
1932,56,8,4:32,"1,8"
1933,56,8,10:50,"2,6"
1934,56,8,17:26,"1,5"
1935,56,8,n,n
1936,57,8,0:03,"2,4"
1937,57,8,6:13,"1,9"
1938,57,8,12:36,"2,6"
1939,57,8,19:16,"1,4"
1940,58,8,2:00,"2,5"
1941,58,8,7:58,"1,6"
1942,58,8,14:13,"2,8"
1943,58,8,20:37,"1,0"
1944,59,8,3:09,"2,9"
1945,59,8,9:04,"1,1"
1946,59,8,15:20,"3,1"
1947,59,8,21:35,"0,6"
1948,60,8,4:01,"3,2"
1949,60,8,9:57,"0,6"
1950,60,8,16:14,"3,3"
1951,60,8,22:23,"0,3"
1952,61,8,4:45,"3,4"
1953,61,8,10:43,"0,3"
1954,61,8,17:00,"3,5"
1955,61,8,23:06,"0,1"
1956,62,8,5:25,"3,6"
1957,62,8,11:24,"0,0"
1958,62,8,17:40,"3,6"
1959,62,8,23:44,"0,0"
1960,1,9,5:05,"3,4"
1961,1,9,11:03,"0,3"
1962,1,9,17:18,"3,5"
1963,1,9,23:30,"-0,1"
1964,2,9,5:48,"3,5"
1965,2,9,11:47,"0,1"
1966,2,9,18:02,"3,7"
1967,2,9,n,n
1968,3,9,0:10,"-0,2"
1969,3,9,6:26,"3,6"
1970,3,9,12:27,"0,0"
1971,3,9,18:41,"3,7"
1972,4,9,0:47,"-0,1"
1973,4,9,7:00,"3,6"
1974,4,9,13:03,"0,1"
1975,4,9,19:16,"3,6"
1976,5,9,1:19,"0,0"
1977,5,9,7:30,"3,5"
1978,5,9,13:36,"0,2"
1979,5,9,19:47,"3,5"
1980,6,9,1:48,"0,2"
1981,6,9,7:56,"3,4"
1982,6,9,14:05,"0,4"
1983,6,9,20:17,"3,3"
1984,7,9,2:14,"0,5"
1985,7,9,8:21,"3,2"
1986,7,9,14:33,"0,6"
1987,7,9,20:47,"3,1"
1988,8,9,2:42,"0,8"
1989,8,9,8:50,"3,1"
1990,8,9,15:04,"0,8"
1991,8,9,21:22,"2,9"
1992,9,9,3:13,"1,1"
1993,9,9,9:26,"2,9"
1994,9,9,15:40,"1,1"
1995,9,9,22:06,"2,7"
1996,10,9,3:53,"1,4"
1997,10,9,10:14,"2,7"
1998,10,9,16:26,"1,4"
1999,10,9,23:03,"2,5"
2000,11,9,4:45,"1,6"
2001,11,9,11:15,"2,6"
2002,11,9,17:28,"1,6"
2003,11,9,n,n
2004,12,9,0:17,"2,4"
2005,12,9,5:54,"1,7"
2006,12,9,12:26,"2,6"
2007,12,9,18:52,"1,6"
2008,13,9,1:38,"2,5"
2009,13,9,7:16,"1,7"
2010,13,9,13:35,"2,7"
2011,13,9,20:18,"1,4"
2012,14,9,2:41,"2,6"
2013,14,9,8:27,"1,4"
2014,14,9,14:32,"2,9"
2015,14,9,21:16,"1,1"
2016,15,9,3:28,"2,8"
2017,15,9,9:23,"1,1"
2018,15,9,15:21,"3,1"
2019,15,9,22:05,"0,9"
2020,16,9,4:09,"3,0"
2021,16,9,10:13,"0,9"
2022,16,9,16:06,"3,2"
2023,16,9,22:49,"0,7"
2024,17,9,4:48,"3,2"
2025,17,9,11:01,"0,7"
2026,17,9,16:49,"3,3"
2027,17,9,23:32,"0,6"
2028,18,9,5:25,"3,3"
2029,18,9,11:46,"0,6"
2030,18,9,17:31,"3,3"
2031,18,9,n,n
2032,19,9,0:13,"0,5"
2033,19,9,6:01,"3,3"
2034,19,9,12:29,"0,6"
2035,19,9,18:11,"3,3"
2036,20,9,0:53,"0,6"
2037,20,9,6:33,"3,2"
2038,20,9,13:10,"0,6"
2039,20,9,18:48,"3,2"
2040,21,9,1:30,"0,8"
2041,21,9,7:04,"3,2"
2042,21,9,13:50,"0,7"
2043,21,9,19:26,"3,0"
2044,22,9,2:08,"1,0"
2045,22,9,7:38,"3,0"
2046,22,9,14:30,"0,9"
2047,22,9,20:11,"2,8"
2048,23,9,2:46,"1,3"
2049,23,9,8:24,"2,9"
2050,23,9,15:14,"1,2"
2051,23,9,21:06,"2,6"
2052,24,9,3:31,"1,6"
2053,24,9,9:28,"2,7"
2054,24,9,16:08,"1,4"
2055,24,9,22:19,"2,4"
2056,25,9,4:32,"1,8"
2057,25,9,10:50,"2,6"
2058,25,9,17:26,"1,5"
2059,25,9,n,n
2060,26,9,0:03,"2,4"
2061,26,9,6:13,"1,9"
2062,26,9,12:36,"2,6"
2063,26,9,19:16,"1,4"
2064,27,9,2:00,"2,5"
2065,27,9,7:58,"1,6"
2066,27,9,14:13,"2,8"
2067,27,9,20:37,"1,0"
2068,28,9,3:09,"2,9"
2069,28,9,9:04,"1,1"
2070,28,9,15:20,"3,1"
2071,28,9,21:35,"0,6"
2072,29,9,4:01,"3,2"
2073,29,9,9:57,"0,6"
2074,29,9,16:14,"3,3"
2075,29,9,22:23,"0,3"
2076,30,9,4:45,"3,4"
2077,30,9,10:43,"0,3"
2078,30,9,17:00,"3,5"
2079,30,9,23:06,"0,1"
2080,31,9,5:25,"3,6"
2081,31,9,11:24,"0,0"
2082,31,9,17:40,"3,6"
2083,31,9,23:44,"0,0"
2084,32,9,5:05,"3,4"
2085,32,9,11:03,"0,3"
2086,32,9,17:18,"3,5"
2087,32,9,23:30,"-0,1"
2088,33,9,5:48,"3,5"
2089,33,9,11:47,"0,1"
2090,33,9,18:02,"3,7"
2091,33,9,n,n
2092,34,9,0:10,"-0,2"
2093,34,9,6:26,"3,6"
2094,34,9,12:27,"0,0"
2095,34,9,18:41,"3,7"
2096,35,9,0:47,"-0,1"
2097,35,9,7:00,"3,6"
2098,35,9,13:03,"0,1"
2099,35,9,19:16,"3,6"
2100,36,9,1:19,"0,0"
2101,36,9,7:30,"3,5"
2102,36,9,13:36,"0,2"
2103,36,9,19:47,"3,5"
2104,37,9,1:48,"0,2"
2105,37,9,7:56,"3,4"
2106,37,9,14:05,"0,4"
2107,37,9,20:17,"3,3"
2108,38,9,2:14,"0,5"
2109,38,9,8:21,"3,2"
2110,38,9,14:33,"0,6"
2111,38,9,20:47,"3,1"
2112,39,9,2:42,"0,8"
2113,39,9,8:50,"3,1"
2114,39,9,15:04,"0,8"
2115,39,9,21:22,"2,9"
2116,40,9,3:13,"1,1"
2117,40,9,9:26,"2,9"
2118,40,9,15:40,"1,1"
2119,40,9,22:06,"2,7"
2120,41,9,3:53,"1,4"
2121,41,9,10:14,"2,7"
2122,41,9,16:26,"1,4"
2123,41,9,23:03,"2,5"
2124,42,9,4:45,"1,6"
2125,42,9,11:15,"2,6"
2126,42,9,17:28,"1,6"
2127,42,9,n,n
2128,43,9,0:17,"2,4"
2129,43,9,5:54,"1,7"
2130,43,9,12:26,"2,6"
2131,43,9,18:52,"1,6"
2132,44,9,1:38,"2,5"
2133,44,9,7:16,"1,7"
2134,44,9,13:35,"2,7"
2135,44,9,20:18,"1,4"
2136,45,9,2:41,"2,6"
2137,45,9,8:27,"1,4"
2138,45,9,14:32,"2,9"
2139,45,9,21:16,"1,1"
2140,46,9,3:28,"2,8"
2141,46,9,9:23,"1,1"
2142,46,9,15:21,"3,1"
2143,46,9,22:05,"0,9"
2144,47,9,4:09,"3,0"
2145,47,9,10:13,"0,9"
2146,47,9,16:06,"3,2"
2147,47,9,22:49,"0,7"
2148,48,9,4:48,"3,2"
2149,48,9,11:01,"0,7"
2150,48,9,16:49,"3,3"
2151,48,9,23:32,"0,6"
2152,49,9,5:25,"3,3"
2153,49,9,11:46,"0,6"
2154,49,9,17:31,"3,3"
2155,49,9,n,n
2156,50,9,0:13,"0,5"
2157,50,9,6:01,"3,3"
2158,50,9,12:29,"0,6"
2159,50,9,18:11,"3,3"
2160,51,9,0:53,"0,6"
2161,51,9,6:33,"3,2"
2162,51,9,13:10,"0,6"
2163,51,9,18:48,"3,2"
2164,52,9,1:30,"0,8"
2165,52,9,7:04,"3,2"
2166,52,9,13:50,"0,7"
2167,52,9,19:26,"3,0"
2168,53,9,2:08,"1,0"
2169,53,9,7:38,"3,0"
2170,53,9,14:30,"0,9"
2171,53,9,20:11,"2,8"
2172,54,9,2:46,"1,3"
2173,54,9,8:24,"2,9"
2174,54,9,15:14,"1,2"
2175,54,9,21:06,"2,6"
2176,55,9,3:31,"1,6"
2177,55,9,9:28,"2,7"
2178,55,9,16:08,"1,4"
2179,55,9,22:19,"2,4"
2180,56,9,4:32,"1,8"
2181,56,9,10:50,"2,6"
2182,56,9,17:26,"1,5"
2183,56,9,n,n
2184,57,9,0:03,"2,4"
2185,57,9,6:13,"1,9"
2186,57,9,12:36,"2,6"
2187,57,9,19:16,"1,4"
2188,58,9,2:00,"2,5"
2189,58,9,7:58,"1,6"
2190,58,9,14:13,"2,8"
2191,58,9,20:37,"1,0"
2192,59,9,3:09,"2,9"
2193,59,9,9:04,"1,1"
2194,59,9,15:20,"3,1"
2195,59,9,21:35,"0,6"
2196,60,9,4:01,"3,2"
2197,60,9,9:57,"0,6"
2198,60,9,16:14,"3,3"
2199,60,9,22:23,"0,3"
2200,61,9,4:45,"3,4"
2201,61,9,10:43,"0,3"
2202,61,9,17:00,"3,5"
2203,61,9,23:06,"0,1"
2204,62,9,5:25,"3,6"
2205,62,9,11:24,"0,0"
2206,62,9,17:40,"3,6"
2207,62,9,23:44,"0,0"
2208,1,10,5:05,"3,4"
2209,1,10,11:03,"0,3"
2210,1,10,17:18,"3,5"
2211,1,10,23:30,"-0,1"
2212,2,10,5:48,"3,5"
2213,2,10,11:47,"0,1"
2214,2,10,18:02,"3,7"
2215,2,10,n,n
2216,3,10,0:10,"-0,2"
2217,3,10,6:26,"3,6"
2218,3,10,12:27,"0,0"
2219,3,10,18:41,"3,7"
2220,4,10,0:47,"-0,1"
2221,4,10,7:00,"3,6"
2222,4,10,13:03,"0,1"
2223,4,10,19:16,"3,6"
2224,5,10,1:19,"0,0"
2225,5,10,7:30,"3,5"
2226,5,10,13:36,"0,2"
2227,5,10,19:47,"3,5"
2228,6,10,1:48,"0,2"
2229,6,10,7:56,"3,4"
2230,6,10,14:05,"0,4"
2231,6,10,20:17,"3,3"
2232,7,10,2:14,"0,5"
2233,7,10,8:21,"3,2"
2234,7,10,14:33,"0,6"
2235,7,10,20:47,"3,1"
2236,8,10,2:42,"0,8"
2237,8,10,8:50,"3,1"
2238,8,10,15:04,"0,8"
2239,8,10,21:22,"2,9"
2240,9,10,3:13,"1,1"
2241,9,10,9:26,"2,9"
2242,9,10,15:40,"1,1"
2243,9,10,22:06,"2,7"
2244,10,10,3:53,"1,4"
2245,10,10,10:14,"2,7"
2246,10,10,16:26,"1,4"
2247,10,10,23:03,"2,5"
2248,11,10,4:45,"1,6"
2249,11,10,11:15,"2,6"
2250,11,10,17:28,"1,6"
2251,11,10,n,n
2252,12,10,0:17,"2,4"
2253,12,10,5:54,"1,7"
2254,12,10,12:26,"2,6"
2255,12,10,18:52,"1,6"
2256,13,10,1:38,"2,5"
2257,13,10,7:16,"1,7"
2258,13,10,13:35,"2,7"
2259,13,10,20:18,"1,4"
2260,14,10,2:41,"2,6"
2261,14,10,8:27,"1,4"
2262,14,10,14:32,"2,9"
2263,14,10,21:16,"1,1"
2264,15,10,3:28,"2,8"
2265,15,10,9:23,"1,1"
2266,15,10,15:21,"3,1"
2267,15,10,22:05,"0,9"
2268,16,10,4:09,"3,0"
2269,16,10,10:13,"0,9"
2270,16,10,16:06,"3,2"
2271,16,10,22:49,"0,7"
2272,17,10,4:48,"3,2"
2273,17,10,11:01,"0,7"
2274,17,10,16:49,"3,3"
2275,17,10,23:32,"0,6"
2276,18,10,5:25,"3,3"
2277,18,10,11:46,"0,6"
2278,18,10,17:31,"3,3"
2279,18,10,n,n
2280,19,10,0:13,"0,5"
2281,19,10,6:01,"3,3"
2282,19,10,12:29,"0,6"
2283,19,10,18:11,"3,3"
2284,20,10,0:53,"0,6"
2285,20,10,6:33,"3,2"
2286,20,10,13:10,"0,6"
2287,20,10,18:48,"3,2"
2288,21,10,1:30,"0,8"
2289,21,10,7:04,"3,2"
2290,21,10,13:50,"0,7"
2291,21,10,19:26,"3,0"
2292,22,10,2:08,"1,0"
2293,22,10,7:38,"3,0"
2294,22,10,14:30,"0,9"
2295,22,10,20:11,"2,8"
2296,23,10,2:46,"1,3"
2297,23,10,8:24,"2,9"
2298,23,10,15:14,"1,2"
2299,23,10,21:06,"2,6"
2300,24,10,3:31,"1,6"
2301,24,10,9:28,"2,7"
2302,24,10,16:08,"1,4"
2303,24,10,22:19,"2,4"
2304,25,10,4:32,"1,8"
2305,25,10,10:50,"2,6"
2306,25,10,17:26,"1,5"
2307,25,10,n,n
2308,26,10,0:03,"2,4"
2309,26,10,6:13,"1,9"
2310,26,10,12:36,"2,6"
2311,26,10,19:16,"1,4"
2312,27,10,2:00,"2,5"
2313,27,10,7:58,"1,6"
2314,27,10,14:13,"2,8"
2315,27,10,20:37,"1,0"
2316,28,10,3:09,"2,9"
2317,28,10,9:04,"1,1"
2318,28,10,15:20,"3,1"
2319,28,10,21:35,"0,6"
2320,29,10,4:01,"3,2"
2321,29,10,9:57,"0,6"
2322,29,10,16:14,"3,3"
2323,29,10,22:23,"0,3"
2324,30,10,4:45,"3,4"
2325,30,10,10:43,"0,3"
2326,30,10,17:00,"3,5"
2327,30,10,23:06,"0,1"
2328,31,10,5:25,"3,6"
2329,31,10,11:24,"0,0"
2330,31,10,17:40,"3,6"
2331,31,10,23:44,"0,0"
2332,32,10,5:05,"3,4"
2333,32,10,11:03,"0,3"
2334,32,10,17:18,"3,5"
2335,32,10,23:30,"-0,1"
2336,33,10,5:48,"3,5"
2337,33,10,11:47,"0,1"
2338,33,10,18:02,"3,7"
2339,33,10,n,n
2340,34,10,0:10,"-0,2"
2341,34,10,6:26,"3,6"
2342,34,10,12:27,"0,0"
2343,34,10,18:41,"3,7"
2344,35,10,0:47,"-0,1"
2345,35,10,7:00,"3,6"
2346,35,10,13:03,"0,1"
2347,35,10,19:16,"3,6"
2348,36,10,1:19,"0,0"
2349,36,10,7:30,"3,5"
2350,36,10,13:36,"0,2"
2351,36,10,19:47,"3,5"
2352,37,10,1:48,"0,2"
2353,37,10,7:56,"3,4"
2354,37,10,14:05,"0,4"
2355,37,10,20:17,"3,3"
2356,38,10,2:14,"0,5"
2357,38,10,8:21,"3,2"
2358,38,10,14:33,"0,6"
2359,38,10,20:47,"3,1"
2360,39,10,2:42,"0,8"
2361,39,10,8:50,"3,1"
2362,39,10,15:04,"0,8"
2363,39,10,21:22,"2,9"
2364,40,10,3:13,"1,1"
2365,40,10,9:26,"2,9"
2366,40,10,15:40,"1,1"
2367,40,10,22:06,"2,7"
2368,41,10,3:53,"1,4"
2369,41,10,10:14,"2,7"
2370,41,10,16:26,"1,4"
2371,41,10,23:03,"2,5"
2372,42,10,4:45,"1,6"
2373,42,10,11:15,"2,6"
2374,42,10,17:28,"1,6"
2375,42,10,n,n
2376,43,10,0:17,"2,4"
2377,43,10,5:54,"1,7"
2378,43,10,12:26,"2,6"
2379,43,10,18:52,"1,6"
2380,44,10,1:38,"2,5"
2381,44,10,7:16,"1,7"
2382,44,10,13:35,"2,7"
2383,44,10,20:18,"1,4"
2384,45,10,2:41,"2,6"
2385,45,10,8:27,"1,4"
2386,45,10,14:32,"2,9"
2387,45,10,21:16,"1,1"
2388,46,10,3:28,"2,8"
2389,46,10,9:23,"1,1"
2390,46,10,15:21,"3,1"
2391,46,10,22:05,"0,9"
2392,47,10,4:09,"3,0"
2393,47,10,10:13,"0,9"
2394,47,10,16:06,"3,2"
2395,47,10,22:49,"0,7"
2396,48,10,4:48,"3,2"
2397,48,10,11:01,"0,7"
2398,48,10,16:49,"3,3"
2399,48,10,23:32,"0,6"
2400,49,10,5:25,"3,3"
2401,49,10,11:46,"0,6"
2402,49,10,17:31,"3,3"
2403,49,10,n,n
2404,50,10,0:13,"0,5"
2405,50,10,6:01,"3,3"
2406,50,10,12:29,"0,6"
2407,50,10,18:11,"3,3"
2408,51,10,0:53,"0,6"
2409,51,10,6:33,"3,2"
2410,51,10,13:10,"0,6"
2411,51,10,18:48,"3,2"
2412,52,10,1:30,"0,8"
2413,52,10,7:04,"3,2"
2414,52,10,13:50,"0,7"
2415,52,10,19:26,"3,0"
2416,53,10,2:08,"1,0"
2417,53,10,7:38,"3,0"
2418,53,10,14:30,"0,9"
2419,53,10,20:11,"2,8"
2420,54,10,2:46,"1,3"
2421,54,10,8:24,"2,9"
2422,54,10,15:14,"1,2"
2423,54,10,21:06,"2,6"
2424,55,10,3:31,"1,6"
2425,55,10,9:28,"2,7"
2426,55,10,16:08,"1,4"
2427,55,10,22:19,"2,4"
2428,56,10,4:32,"1,8"
2429,56,10,10:50,"2,6"
2430,56,10,17:26,"1,5"
2431,56,10,n,n
2432,57,10,0:03,"2,4"
2433,57,10,6:13,"1,9"
2434,57,10,12:36,"2,6"
2435,57,10,19:16,"1,4"
2436,58,10,2:00,"2,5"
2437,58,10,7:58,"1,6"
2438,58,10,14:13,"2,8"
2439,58,10,20:37,"1,0"
2440,59,10,3:09,"2,9"
2441,59,10,9:04,"1,1"
2442,59,10,15:20,"3,1"
2443,59,10,21:35,"0,6"
2444,60,10,4:01,"3,2"
2445,60,10,9:57,"0,6"
2446,60,10,16:14,"3,3"
2447,60,10,22:23,"0,3"
2448,61,10,4:45,"3,4"
2449,61,10,10:43,"0,3"
2450,61,10,17:00,"3,5"
2451,61,10,23:06,"0,1"
2452,62,10,5:25,"3,6"
2453,62,10,11:24,"0,0"
2454,62,10,17:40,"3,6"
2455,62,10,23:44,"0,0"
2456,1,11,5:05,"3,4"
2457,1,11,11:03,"0,3"
2458,1,11,17:18,"3,5"
2459,1,11,23:30,"-0,1"
2460,2,11,5:48,"3,5"
2461,2,11,11:47,"0,1"
2462,2,11,18:02,"3,7"
2463,2,11,n,n
2464,3,11,0:10,"-0,2"
2465,3,11,6:26,"3,6"
2466,3,11,12:27,"0,0"
2467,3,11,18:41,"3,7"
2468,4,11,0:47,"-0,1"
2469,4,11,7:00,"3,6"
2470,4,11,13:03,"0,1"
2471,4,11,19:16,"3,6"
2472,5,11,1:19,"0,0"
2473,5,11,7:30,"3,5"
2474,5,11,13:36,"0,2"
2475,5,11,19:47,"3,5"
2476,6,11,1:48,"0,2"
2477,6,11,7:56,"3,4"
2478,6,11,14:05,"0,4"
2479,6,11,20:17,"3,3"
2480,7,11,2:14,"0,5"
2481,7,11,8:21,"3,2"
2482,7,11,14:33,"0,6"
2483,7,11,20:47,"3,1"
2484,8,11,2:42,"0,8"
2485,8,11,8:50,"3,1"
2486,8,11,15:04,"0,8"
2487,8,11,21:22,"2,9"
2488,9,11,3:13,"1,1"
2489,9,11,9:26,"2,9"
2490,9,11,15:40,"1,1"
2491,9,11,22:06,"2,7"
2492,10,11,3:53,"1,4"
2493,10,11,10:14,"2,7"
2494,10,11,16:26,"1,4"
2495,10,11,23:03,"2,5"
2496,11,11,4:45,"1,6"
2497,11,11,11:15,"2,6"
2498,11,11,17:28,"1,6"
2499,11,11,n,n
2500,12,11,0:17,"2,4"
2501,12,11,5:54,"1,7"
2502,12,11,12:26,"2,6"
2503,12,11,18:52,"1,6"
2504,13,11,1:38,"2,5"
2505,13,11,7:16,"1,7"
2506,13,11,13:35,"2,7"
2507,13,11,20:18,"1,4"
2508,14,11,2:41,"2,6"
2509,14,11,8:27,"1,4"
2510,14,11,14:32,"2,9"
2511,14,11,21:16,"1,1"
2512,15,11,3:28,"2,8"
2513,15,11,9:23,"1,1"
2514,15,11,15:21,"3,1"
2515,15,11,22:05,"0,9"
2516,16,11,4:09,"3,0"
2517,16,11,10:13,"0,9"
2518,16,11,16:06,"3,2"
2519,16,11,22:49,"0,7"
2520,17,11,4:48,"3,2"
2521,17,11,11:01,"0,7"
2522,17,11,16:49,"3,3"
2523,17,11,23:32,"0,6"
2524,18,11,5:25,"3,3"
2525,18,11,11:46,"0,6"
2526,18,11,17:31,"3,3"
2527,18,11,n,n
2528,19,11,0:13,"0,5"
2529,19,11,6:01,"3,3"
2530,19,11,12:29,"0,6"
2531,19,11,18:11,"3,3"
2532,20,11,0:53,"0,6"
2533,20,11,6:33,"3,2"
2534,20,11,13:10,"0,6"
2535,20,11,18:48,"3,2"
2536,21,11,1:30,"0,8"
2537,21,11,7:04,"3,2"
2538,21,11,13:50,"0,7"
2539,21,11,19:26,"3,0"
2540,22,11,2:08,"1,0"
2541,22,11,7:38,"3,0"
2542,22,11,14:30,"0,9"
2543,22,11,20:11,"2,8"
2544,23,11,2:46,"1,3"
2545,23,11,8:24,"2,9"
2546,23,11,15:14,"1,2"
2547,23,11,21:06,"2,6"
2548,24,11,3:31,"1,6"
2549,24,11,9:28,"2,7"
2550,24,11,16:08,"1,4"
2551,24,11,22:19,"2,4"
2552,25,11,4:32,"1,8"
2553,25,11,10:50,"2,6"
2554,25,11,17:26,"1,5"
2555,25,11,n,n
2556,26,11,0:03,"2,4"
2557,26,11,6:13,"1,9"
2558,26,11,12:36,"2,6"
2559,26,11,19:16,"1,4"
2560,27,11,2:00,"2,5"
2561,27,11,7:58,"1,6"
2562,27,11,14:13,"2,8"
2563,27,11,20:37,"1,0"
2564,28,11,3:09,"2,9"
2565,28,11,9:04,"1,1"
2566,28,11,15:20,"3,1"
2567,28,11,21:35,"0,6"
2568,29,11,4:01,"3,2"
2569,29,11,9:57,"0,6"
2570,29,11,16:14,"3,3"
2571,29,11,22:23,"0,3"
2572,30,11,4:45,"3,4"
2573,30,11,10:43,"0,3"
2574,30,11,17:00,"3,5"
2575,30,11,23:06,"0,1"
2576,31,11,5:25,"3,6"
2577,31,11,11:24,"0,0"
2578,31,11,17:40,"3,6"
2579,31,11,23:44,"0,0"
2580,32,11,5:05,"3,4"
2581,32,11,11:03,"0,3"
2582,32,11,17:18,"3,5"
2583,32,11,23:30,"-0,1"
2584,33,11,5:48,"3,5"
2585,33,11,11:47,"0,1"
2586,33,11,18:02,"3,7"
2587,33,11,n,n
2588,34,11,0:10,"-0,2"
2589,34,11,6:26,"3,6"
2590,34,11,12:27,"0,0"
2591,34,11,18:41,"3,7"
2592,35,11,0:47,"-0,1"
2593,35,11,7:00,"3,6"
2594,35,11,13:03,"0,1"
2595,35,11,19:16,"3,6"
2596,36,11,1:19,"0,0"
2597,36,11,7:30,"3,5"
2598,36,11,13:36,"0,2"
2599,36,11,19:47,"3,5"
2600,37,11,1:48,"0,2"
2601,37,11,7:56,"3,4"
2602,37,11,14:05,"0,4"
2603,37,11,20:17,"3,3"
2604,38,11,2:14,"0,5"
2605,38,11,8:21,"3,2"
2606,38,11,14:33,"0,6"
2607,38,11,20:47,"3,1"
2608,39,11,2:42,"0,8"
2609,39,11,8:50,"3,1"
2610,39,11,15:04,"0,8"
2611,39,11,21:22,"2,9"
2612,40,11,3:13,"1,1"
2613,40,11,9:26,"2,9"
2614,40,11,15:40,"1,1"
2615,40,11,22:06,"2,7"
2616,41,11,3:53,"1,4"
2617,41,11,10:14,"2,7"
2618,41,11,16:26,"1,4"
2619,41,11,23:03,"2,5"
2620,42,11,4:45,"1,6"
2621,42,11,11:15,"2,6"
2622,42,11,17:28,"1,6"
2623,42,11,n,n
2624,43,11,0:17,"2,4"
2625,43,11,5:54,"1,7"
2626,43,11,12:26,"2,6"
2627,43,11,18:52,"1,6"
2628,44,11,1:38,"2,5"
2629,44,11,7:16,"1,7"
2630,44,11,13:35,"2,7"
2631,44,11,20:18,"1,4"
2632,45,11,2:41,"2,6"
2633,45,11,8:27,"1,4"
2634,45,11,14:32,"2,9"
2635,45,11,21:16,"1,1"
2636,46,11,3:28,"2,8"
2637,46,11,9:23,"1,1"
2638,46,11,15:21,"3,1"
2639,46,11,22:05,"0,9"
2640,47,11,4:09,"3,0"
2641,47,11,10:13,"0,9"
2642,47,11,16:06,"3,2"
2643,47,11,22:49,"0,7"
2644,48,11,4:48,"3,2"
2645,48,11,11:01,"0,7"
2646,48,11,16:49,"3,3"
2647,48,11,23:32,"0,6"
2648,49,11,5:25,"3,3"
2649,49,11,11:46,"0,6"
2650,49,11,17:31,"3,3"
2651,49,11,n,n
2652,50,11,0:13,"0,5"
2653,50,11,6:01,"3,3"
2654,50,11,12:29,"0,6"
2655,50,11,18:11,"3,3"
2656,51,11,0:53,"0,6"
2657,51,11,6:33,"3,2"
2658,51,11,13:10,"0,6"
2659,51,11,18:48,"3,2"
2660,52,11,1:30,"0,8"
2661,52,11,7:04,"3,2"
2662,52,11,13:50,"0,7"
2663,52,11,19:26,"3,0"
2664,53,11,2:08,"1,0"
2665,53,11,7:38,"3,0"
2666,53,11,14:30,"0,9"
2667,53,11,20:11,"2,8"
2668,54,11,2:46,"1,3"
2669,54,11,8:24,"2,9"
2670,54,11,15:14,"1,2"
2671,54,11,21:06,"2,6"
2672,55,11,3:31,"1,6"
2673,55,11,9:28,"2,7"
2674,55,11,16:08,"1,4"
2675,55,11,22:19,"2,4"
2676,56,11,4:32,"1,8"
2677,56,11,10:50,"2,6"
2678,56,11,17:26,"1,5"
2679,56,11,n,n
2680,57,11,0:03,"2,4"
2681,57,11,6:13,"1,9"
2682,57,11,12:36,"2,6"
2683,57,11,19:16,"1,4"
2684,58,11,2:00,"2,5"
2685,58,11,7:58,"1,6"
2686,58,11,14:13,"2,8"
2687,58,11,20:37,"1,0"
2688,59,11,3:09,"2,9"
2689,59,11,9:04,"1,1"
2690,59,11,15:20,"3,1"
2691,59,11,21:35,"0,6"
2692,60,11,4:01,"3,2"
2693,60,11,9:57,"0,6"
2694,60,11,16:14,"3,3"
2695,60,11,22:23,"0,3"
2696,61,11,4:45,"3,4"
2697,61,11,10:43,"0,3"
2698,61,11,17:00,"3,5"
2699,61,11,23:06,"0,1"
2700,62,11,5:25,"3,6"
2701,62,11,11:24,"0,0"
2702,62,11,17:40,"3,6"
2703,62,11,23:44,"0,0"
2704,1,12,5:05,"3,4"
2705,1,12,11:03,"0,3"
2706,1,12,17:18,"3,5"
2707,1,12,23:30,"-0,1"
2708,2,12,5:48,"3,5"
2709,2,12,11:47,"0,1"
2710,2,12,18:02,"3,7"
2711,2,12,n,n
2712,3,12,0:10,"-0,2"
2713,3,12,6:26,"3,6"
2714,3,12,12:27,"0,0"
2715,3,12,18:41,"3,7"
2716,4,12,0:47,"-0,1"
2717,4,12,7:00,"3,6"
2718,4,12,13:03,"0,1"
2719,4,12,19:16,"3,6"
2720,5,12,1:19,"0,0"
2721,5,12,7:30,"3,5"
2722,5,12,13:36,"0,2"
2723,5,12,19:47,"3,5"
2724,6,12,1:48,"0,2"
2725,6,12,7:56,"3,4"
2726,6,12,14:05,"0,4"
2727,6,12,20:17,"3,3"
2728,7,12,2:14,"0,5"
2729,7,12,8:21,"3,2"
2730,7,12,14:33,"0,6"
2731,7,12,20:47,"3,1"
2732,8,12,2:42,"0,8"
2733,8,12,8:50,"3,1"
2734,8,12,15:04,"0,8"
2735,8,12,21:22,"2,9"
2736,9,12,3:13,"1,1"
2737,9,12,9:26,"2,9"
2738,9,12,15:40,"1,1"
2739,9,12,22:06,"2,7"
2740,10,12,3:53,"1,4"
2741,10,12,10:14,"2,7"
2742,10,12,16:26,"1,4"
2743,10,12,23:03,"2,5"
2744,11,12,4:45,"1,6"
2745,11,12,11:15,"2,6"
2746,11,12,17:28,"1,6"
2747,11,12,n,n
2748,12,12,0:17,"2,4"
2749,12,12,5:54,"1,7"
2750,12,12,12:26,"2,6"
2751,12,12,18:52,"1,6"
2752,13,12,1:38,"2,5"
2753,13,12,7:16,"1,7"
2754,13,12,13:35,"2,7"
2755,13,12,20:18,"1,4"
2756,14,12,2:41,"2,6"
2757,14,12,8:27,"1,4"
2758,14,12,14:32,"2,9"
2759,14,12,21:16,"1,1"
2760,15,12,3:28,"2,8"
2761,15,12,9:23,"1,1"
2762,15,12,15:21,"3,1"
2763,15,12,22:05,"0,9"
2764,16,12,4:09,"3,0"
2765,16,12,10:13,"0,9"
2766,16,12,16:06,"3,2"
2767,16,12,22:49,"0,7"
2768,17,12,4:48,"3,2"
2769,17,12,11:01,"0,7"
2770,17,12,16:49,"3,3"
2771,17,12,23:32,"0,6"
2772,18,12,5:25,"3,3"
2773,18,12,11:46,"0,6"
2774,18,12,17:31,"3,3"
2775,18,12,n,n
2776,19,12,0:13,"0,5"
2777,19,12,6:01,"3,3"
2778,19,12,12:29,"0,6"
2779,19,12,18:11,"3,3"
2780,20,12,0:53,"0,6"
2781,20,12,6:33,"3,2"
2782,20,12,13:10,"0,6"
2783,20,12,18:48,"3,2"
2784,21,12,1:30,"0,8"
2785,21,12,7:04,"3,2"
2786,21,12,13:50,"0,7"
2787,21,12,19:26,"3,0"
2788,22,12,2:08,"1,0"
2789,22,12,7:38,"3,0"
2790,22,12,14:30,"0,9"
2791,22,12,20:11,"2,8"
2792,23,12,2:46,"1,3"
2793,23,12,8:24,"2,9"
2794,23,12,15:14,"1,2"
2795,23,12,21:06,"2,6"
2796,24,12,3:31,"1,6"
2797,24,12,9:28,"2,7"
2798,24,12,16:08,"1,4"
2799,24,12,22:19,"2,4"
2800,25,12,4:32,"1,8"
2801,25,12,10:50,"2,6"
2802,25,12,17:26,"1,5"
2803,25,12,n,n
2804,26,12,0:03,"2,4"
2805,26,12,6:13,"1,9"
2806,26,12,12:36,"2,6"
2807,26,12,19:16,"1,4"
2808,27,12,2:00,"2,5"
2809,27,12,7:58,"1,6"
2810,27,12,14:13,"2,8"
2811,27,12,20:37,"1,0"
2812,28,12,3:09,"2,9"
2813,28,12,9:04,"1,1"
2814,28,12,15:20,"3,1"
2815,28,12,21:35,"0,6"
2816,29,12,4:01,"3,2"
2817,29,12,9:57,"0,6"
2818,29,12,16:14,"3,3"
2819,29,12,22:23,"0,3"
2820,30,12,4:45,"3,4"
2821,30,12,10:43,"0,3"
2822,30,12,17:00,"3,5"
2823,30,12,23:06,"0,1"
2824,31,12,5:25,"3,6"
2825,31,12,11:24,"0,0"
2826,31,12,17:40,"3,6"
2827,31,12,23:44,"0,0"
2828,32,12,5:05,"3,4"
2829,32,12,11:03,"0,3"
2830,32,12,17:18,"3,5"
2831,32,12,23:30,"-0,1"
2832,33,12,5:48,"3,5"
2833,33,12,11:47,"0,1"
2834,33,12,18:02,"3,7"
2835,33,12,n,n
2836,34,12,0:10,"-0,2"
2837,34,12,6:26,"3,6"
2838,34,12,12:27,"0,0"
2839,34,12,18:41,"3,7"
2840,35,12,0:47,"-0,1"
2841,35,12,7:00,"3,6"
2842,35,12,13:03,"0,1"
2843,35,12,19:16,"3,6"
2844,36,12,1:19,"0,0"
2845,36,12,7:30,"3,5"
2846,36,12,13:36,"0,2"
2847,36,12,19:47,"3,5"
2848,37,12,1:48,"0,2"
2849,37,12,7:56,"3,4"
2850,37,12,14:05,"0,4"
2851,37,12,20:17,"3,3"
2852,38,12,2:14,"0,5"
2853,38,12,8:21,"3,2"
2854,38,12,14:33,"0,6"
2855,38,12,20:47,"3,1"
2856,39,12,2:42,"0,8"
2857,39,12,8:50,"3,1"
2858,39,12,15:04,"0,8"
2859,39,12,21:22,"2,9"
2860,40,12,3:13,"1,1"
2861,40,12,9:26,"2,9"
2862,40,12,15:40,"1,1"
2863,40,12,22:06,"2,7"
2864,41,12,3:53,"1,4"
2865,41,12,10:14,"2,7"
2866,41,12,16:26,"1,4"
2867,41,12,23:03,"2,5"
2868,42,12,4:45,"1,6"
2869,42,12,11:15,"2,6"
2870,42,12,17:28,"1,6"
2871,42,12,n,n
2872,43,12,0:17,"2,4"
2873,43,12,5:54,"1,7"
2874,43,12,12:26,"2,6"
2875,43,12,18:52,"1,6"
2876,44,12,1:38,"2,5"
2877,44,12,7:16,"1,7"
2878,44,12,13:35,"2,7"
2879,44,12,20:18,"1,4"
2880,45,12,2:41,"2,6"
2881,45,12,8:27,"1,4"
2882,45,12,14:32,"2,9"
2883,45,12,21:16,"1,1"
2884,46,12,3:28,"2,8"
2885,46,12,9:23,"1,1"
2886,46,12,15:21,"3,1"
2887,46,12,22:05,"0,9"
2888,47,12,4:09,"3,0"
2889,47,12,10:13,"0,9"
2890,47,12,16:06,"3,2"
2891,47,12,22:49,"0,7"
2892,48,12,4:48,"3,2"
2893,48,12,11:01,"0,7"
2894,48,12,16:49,"3,3"
2895,48,12,23:32,"0,6"
2896,49,12,5:25,"3,3"
2897,49,12,11:46,"0,6"
2898,49,12,17:31,"3,3"
2899,49,12,n,n
2900,50,12,0:13,"0,5"
2901,50,12,6:01,"3,3"
2902,50,12,12:29,"0,6"
2903,50,12,18:11,"3,3"
2904,51,12,0:53,"0,6"
2905,51,12,6:33,"3,2"
2906,51,12,13:10,"0,6"
2907,51,12,18:48,"3,2"
2908,52,12,1:30,"0,8"
2909,52,12,7:04,"3,2"
2910,52,12,13:50,"0,7"
2911,52,12,19:26,"3,0"
2912,53,12,2:08,"1,0"
2913,53,12,7:38,"3,0"
2914,53,12,14:30,"0,9"
2915,53,12,20:11,"2,8"
2916,54,12,2:46,"1,3"
2917,54,12,8:24,"2,9"
2918,54,12,15:14,"1,2"
2919,54,12,21:06,"2,6"
2920,55,12,3:31,"1,6"
2921,55,12,9:28,"2,7"
2922,55,12,16:08,"1,4"
2923,55,12,22:19,"2,4"
2924,56,12,4:32,"1,8"
2925,56,12,10:50,"2,6"
2926,56,12,17:26,"1,5"
2927,56,12,n,n
2928,57,12,0:03,"2,4"
2929,57,12,6:13,"1,9"
2930,57,12,12:36,"2,6"
2931,57,12,19:16,"1,4"
2932,58,12,2:00,"2,5"
2933,58,12,7:58,"1,6"
2934,58,12,14:13,"2,8"
2935,58,12,20:37,"1,0"
2936,59,12,3:09,"2,9"
2937,59,12,9:04,"1,1"
2938,59,12,15:20,"3,1"
2939,59,12,21:35,"0,6"
2940,60,12,4:01,"3,2"
2941,60,12,9:57,"0,6"
2942,60,12,16:14,"3,3"
2943,60,12,22:23,"0,3"
2944,61,12,4:45,"3,4"
2945,61,12,10:43,"0,3"
2946,61,12,17:00,"3,5"
2947,61,12,23:06,"0,1"
2948,62,12,5:25,"3,6"
2949,62,12,11:24,"0,0"
2950,62,12,17:40,"3,6"
2951,62,12,23:44,"0,0"
